-- phpMyAdmin SQL Dump
-- version 5.2.0
-- https://www.phpmyadmin.net/
--
-- Máy chủ: 127.0.0.1
-- Thời gian đã tạo: Th10 13, 2022 lúc 10:20 AM
-- Phiên bản máy phục vụ: 10.4.25-MariaDB
-- Phiên bản PHP: 8.1.10

SET SQL_MODE = "NO_AUTO_VALUE_ON_ZERO";
START TRANSACTION;
SET time_zone = "+00:00";


/*!40101 SET @OLD_CHARACTER_SET_CLIENT=@@CHARACTER_SET_CLIENT */;
/*!40101 SET @OLD_CHARACTER_SET_RESULTS=@@CHARACTER_SET_RESULTS */;
/*!40101 SET @OLD_COLLATION_CONNECTION=@@COLLATION_CONNECTION */;
/*!40101 SET NAMES utf8mb4 */;

--
-- Cơ sở dữ liệu: `websitebanhang`
--

-- --------------------------------------------------------

--
-- Cấu trúc bảng cho bảng `tbl_admin`
--

CREATE TABLE `tbl_admin` (
  `id_admin` int(11) NOT NULL,
  `username` varchar(100) NOT NULL,
  `email` varchar(50) NOT NULL,
  `password` varchar(100) NOT NULL
) ENGINE=InnoDB DEFAULT CHARSET=utf8mb4;

--
-- Đang đổ dữ liệu cho bảng `tbl_admin`
--

INSERT INTO `tbl_admin` (`id_admin`, `username`, `email`, `password`) VALUES
(13, 'admin', 'larose7ad@gmail.com', '12345');

-- --------------------------------------------------------

--
-- Cấu trúc bảng cho bảng `tbl_baiviet`
--

CREATE TABLE `tbl_baiviet` (
  `id` int(11) NOT NULL,
  `tenbaiviet` varchar(255) NOT NULL,
  `tomtat` mediumtext NOT NULL,
  `noidung` longtext NOT NULL,
  `id_danhmuc` int(11) NOT NULL,
  `hinhanh` varchar(255) NOT NULL
) ENGINE=InnoDB DEFAULT CHARSET=utf8mb4;

--
-- Đang đổ dữ liệu cho bảng `tbl_baiviet`
--

INSERT INTO `tbl_baiviet` (`id`, `tenbaiviet`, `tomtat`, `noidung`, `id_danhmuc`, `hinhanh`) VALUES
(14, 'Ý NGHĨA CỦA HOA HỒNG 7 MÀU - HOA HỒNG CẦU VỒNG       ', '<p style=\"text-align:justify\"><strong>Hoa hồng cầu vồng</strong>&nbsp;c&ograve;n được gọi l&agrave; hoa hồng hạnh ph&uacute;c hay hoa hồng 7 m&agrave;u. Những b&ocirc;ng hoa độc đ&aacute;o n&agrave;y đ&aacute;ng nhớ kh&ocirc;ng chỉ v&igrave; m&agrave;u sắc m&agrave; c&ograve;n v&igrave; những &yacute; nghĩa đặc biệt của n&oacute;.</p>\r\n', '<p style=\"text-align:justify\">Nếu bạn đang t&igrave;m kiếm một m&oacute;n qu&agrave; đặc biệt, đẹp v&agrave; chắc chắn sẽ mang lại niềm vui, hoa hồng cầu vồng l&agrave; một lựa chọn ho&agrave;n hảo. Với sự pha trộn m&agrave;u sắc tuyệt đẹp v&agrave; rực rỡ của những b&ocirc;ng<strong>&nbsp;hoa hồng 7 m&agrave;u</strong>, người ấy chắc chắn sẽ đặt một nụ cười tr&ecirc;n khu&ocirc;n mặt khi nhận được ch&uacute;ng.</p>\r\n\r\n<p style=\"text-align:justify\"><strong>Hoa hồng cầu vồng</strong>&nbsp;c&ograve;n được gọi l&agrave; hoa hồng hạnh ph&uacute;c hay hoa hồng 7 m&agrave;u. Những b&ocirc;ng hoa độc đ&aacute;o n&agrave;y đ&aacute;ng nhớ kh&ocirc;ng chỉ v&igrave; m&agrave;u sắc m&agrave; c&ograve;n v&igrave; những &yacute; nghĩa đặc biệt của n&oacute;. Hoa hồng 7 m&agrave;u c&oacute; sự pha trộn tuyệt đẹp của những c&aacute;nh hoa c&oacute; m&agrave;u sắc sống động tr&ecirc;n mỗi b&ocirc;ng hoa v&agrave; l&agrave; một m&oacute;n qu&agrave; vui vẻ cho cả trẻ v&agrave; gi&agrave; trong hầu hết mọi dịp đặc biệt .</p>\r\n\r\n<p style=\"text-align:justify\">Ở đ&acirc;y, ch&uacute;ng t&ocirc;i sẽ chia sẻ c&acirc;u chuyện đằng sau việc tạo ra những b&ocirc;ng hồng 7 sắc n&agrave;y v&agrave; giải th&iacute;ch&nbsp;<a href=\"https://www.007flower.com/blog/hoa-hong-7-mau.htm\"><strong>&yacute; nghĩa của hoa hồng 7 m&agrave;u</strong></a>&nbsp;để bạn c&oacute; thể chọn đ&uacute;ng thời điểm v&agrave; tặng ch&uacute;ng cho người th&acirc;n.</p>\r\n\r\n<h2 style=\"text-align:justify\"><span style=\"color:#ce2a37\"><strong>Hoa hồng cầu vồng c&oacute; thật kh&ocirc;ng?</strong></span></h2>\r\n\r\n<p style=\"text-align:justify\">Bất chấp tuy&ecirc;n bố của một số người b&aacute;n trực tuyến, hoa hồng cầu vồng kh&ocirc;ng phải l&agrave; thứ bạn c&oacute; thể trồng từ hạt giống trong khu vườn của m&igrave;nh! Vậy ch&iacute;nh x&aacute;c th&igrave;&nbsp;<strong>hoa hồng cầu vồng l&agrave; g&igrave;?</strong>&nbsp;Ch&uacute;ng l&agrave; những b&ocirc;ng hoa hồng ho&agrave;n hảo với hương thơm, nhưng với những c&aacute;nh hoa được t&ocirc; m&agrave;u nh&acirc;n tạo để tạo ra một k&iacute;nh vạn hoa tuyệt đẹp v&agrave; tuyệt đẹp về m&agrave;u sắc tr&ecirc;n mỗi b&ocirc;ng hoa ri&ecirc;ng lẻ. Hầu hết hoa hồng cầu vồng (<em>&nbsp;<a href=\"https://www.lovethegarden.com/uk-en/article/rainbow-roses-are-they-real\"><strong>Rainbow rose</strong></a></em>&nbsp;) c&oacute; m&agrave;u hồng, xanh dương, v&agrave;ng, cam v&agrave; xanh l&aacute; c&acirc;y.</p>\r\n\r\n<p style=\"text-align:justify\">&nbsp;</p>\r\n\r\n<h2 style=\"text-align:justify\"><span style=\"color:#ce2a37\"><strong>Nguồn gốc của hoa hồng cầu vồng ?</strong></span></h2>\r\n\r\n<p style=\"text-align:justify\">&Yacute; tưởng tạo hoa hồng k&iacute;nh vạn hoa được ph&aacute;t triển bởi Peter van de Werken , một người trồng hoa đến từ H&agrave; Lan. Khi doanh số b&aacute;n hoa đơn m&agrave;u trong vườn ươm của anh chậm lại, anh được truyền cảm hứng để thử một c&aacute;i g&igrave; đ&oacute; mới.</p>\r\n\r\n<p style=\"text-align:justify\">Xuất ph&aacute;t từ nền tảng khoa học của m&igrave;nh, anh bắt đầu thử nghiệm t&ocirc; m&agrave;u hoa bằng thuốc nhuộm tự nhi&ecirc;n. Anh thử phun thuốc trước, trước khi chuyển sang thuốc nhuộm m&agrave;u trong nước. Sau khoảng 6 th&aacute;ng tinh chỉnh qu&aacute; tr&igrave;nh, phương ph&aacute;p đ&atilde; được ho&agrave;n thiện. Kể từ khi sản xuất lần đầu ti&ecirc;n bắt đầu v&agrave;o năm 2005, h&agrave;ng triệu b&ocirc;ng hồng cầu vồng đ&atilde; được xuất xưởng tr&ecirc;n to&agrave;n cầu!</p>\r\n\r\n<h2 style=\"text-align:justify\"><span style=\"color:#ce2a37\"><strong>&Yacute; nghĩa đặc biệt của hoa hồng bảy m&agrave;u l&agrave; g&igrave;?</strong></span></h2>\r\n\r\n<p style=\"text-align:justify\">Với những c&aacute;nh hoa rực rỡ, nhiều m&agrave;u, hoa hồng cầu vồng c&oacute; nghĩa l&agrave; hạnh ph&uacute;c v&agrave; niềm vui. K&iacute;nh vạn hoa của m&agrave;u sắc mang lại cảm gi&aacute;c tươi s&aacute;ng v&agrave; vui vẻ ngay lập tức khiến ch&uacute;ng trở th&agrave;nh b&ocirc;ng hoa đặc biệt để kỷ niệm những khoảnh khắc hạnh ph&uacute;c như sinh nhật, ng&agrave;y kỷ niệm hoặc khi gia đ&igrave;nh bạn c&oacute; một em b&eacute; mới.</p>\r\n\r\n<p style=\"text-align:justify\">Khi bạn tặng hoa l&agrave;m qu&agrave; tặng, điều quan trọng l&agrave; phải hiểu &yacute; nghĩa đằng sau sự lựa chọn m&agrave;u sắc của bạn.&nbsp;<em><a href=\"https://007flower.com/blog/y-nghia-mau-sac-cua-cac-loai-hoa-hong.html\">Mỗi m&agrave;u hoa hồng c&oacute; một &yacute; nghĩa ri&ecirc;ng</a></em>&nbsp;- v&iacute; dụ, m&agrave;u đỏ tượng trưng cho t&igrave;nh y&ecirc;u v&agrave; sự l&atilde;ng mạn, m&agrave;u hồng nhạt thể hiện t&igrave;nh cảm v&agrave; sự ngưỡng mộ v&agrave; m&agrave;u trắng truyền đạt sự thuần khiết hoặc cảm th&ocirc;ng.</p>\r\n\r\n<p style=\"text-align:justify\"><img alt=\"hoa-hong-cau-vong\" src=\"https://007flower.com/storage/uploads/hoa-hong-dep/hoa-hong-cau-vong.jpg\" style=\"height:460px; width:690px\" /></p>\r\n\r\n<h2 style=\"text-align:justify\"><span style=\"color:#ce2a37\"><strong>Khi n&agrave;o bạn n&ecirc;n tặng hoa hồng cầu vồng?</strong></span></h2>\r\n\r\n<p style=\"text-align:justify\"><strong>Hoa hồng bảy sắc cầu vồng</strong>&nbsp;l&agrave;m một m&oacute;n qu&agrave; tuyệt vời cho bạn b&egrave; v&agrave; gia đ&igrave;nh gi&uacute;p th&ecirc;m lấp l&aacute;nh v&agrave; niềm vui cho những ng&agrave;y đặc biệt. Dưới đ&acirc;y l&agrave; một số dịp m&agrave; một b&ocirc;ng hồng hạnh ph&uacute;c l&agrave; một c&aacute;ch l&yacute; tưởng để ăn mừng, ch&uacute;c mừng hoặc cảm ơn.</p>\r\n\r\n<p style=\"text-align:justify\"><strong>Sinh nhật</strong>&nbsp;: C&aacute;ch n&agrave;o tốt hơn để n&oacute;i ch&uacute;c mừng sinh nhật cho một người đặc biệt hơn l&agrave; một b&oacute; hoa hồng 7 m&agrave;u ! Cho d&ugrave; họ đang bước sang tuổi 21 hay 101, m&agrave;u sắc tươi s&aacute;ng v&agrave; sống động sẽ th&ecirc;m v&agrave;o kh&ocirc;ng kh&iacute; vui vẻ v&agrave; lễ hội của bất kỳ buổi sinh nhật n&agrave;o.</p>\r\n\r\n<p style=\"text-align:justify\"><strong>Ng&agrave;y</strong>&nbsp;<strong>của mẹ</strong>: C&aacute;c b&agrave; mẹ của ch&uacute;ng ta xứng đ&aacute;ng được chiều chuộng v&agrave;o&nbsp;<em><a href=\"https://007flower.com/blog/hoa-tang-me-nhan-ngay-cua-me-2020.html\">Ng&agrave;y của Mẹ</a></em>&nbsp;, v&igrave; vậy nếu bạn đang t&igrave;m kiếm thứ g&igrave; đ&oacute; đặc biệt hơn,&nbsp;<strong>hoa hồng bảy sắc cầu vồng</strong>&nbsp;chắc chắn sẽ l&agrave;m bừng s&aacute;ng ng&agrave;y của mẹ. Gh&eacute;p nối ch&uacute;ng với một m&oacute;n qu&agrave; đơn giản như s&ocirc; c&ocirc; la y&ecirc;u th&iacute;ch v&agrave; rượu s&acirc;m banh cho một m&oacute;n qu&agrave; ho&agrave;n chỉnh.</p>\r\n\r\n<p style=\"text-align:justify\"><strong>Ng&agrave;y kỷ niệm</strong>&nbsp;: Trong khi hoa hồng đỏ lu&ocirc;n l&atilde;ng mạn, tại sao kh&ocirc;ng gửi một ch&uacute;t g&igrave; đ&oacute; kh&aacute;c biệt v&agrave; tặng hoa hồng cầu vồng cho ng&agrave;y kỷ niệm tiếp theo của bạn ? Đ&oacute; l&agrave; một c&aacute;ch độc đ&aacute;o v&agrave; đ&aacute;ng nhớ để n&oacute;i rằng &ldquo; t&ocirc;i y&ecirc;u bạn &ldquo;.</p>\r\n\r\n<p style=\"text-align:justify\"><strong>Em b&eacute; mới</strong>&nbsp;: Ch&agrave;o mừng sự bổ sung mới nhất cho gia đ&igrave;nh hoặc nh&oacute;m bạn của bạn với m&agrave;u sắc tuyệt đẹp của cầu vồng. Một b&oacute; hoa hồng hạnh ph&uacute;c sẽ l&agrave;m bừng s&aacute;ng cả ph&ograve;ng bệnh viện v&agrave; l&agrave; c&aacute;ch ho&agrave;n hảo để ch&uacute;c mừng những người l&agrave;m cha mẹ !</p>\r\n\r\n<p style=\"text-align:justify\"><strong>Tốt nghiệp</strong>&nbsp;: Cho con g&aacute;i, con trai, ch&aacute;u g&aacute;i, ch&aacute;u trai hoặc người quan trọng kh&aacute;c vừa mới tốt nghiệp, bạn tự h&agrave;o như thế n&agrave;o về c&ocirc;ng việc kh&oacute; khăn của ch&uacute;ng với m&agrave;u sắc ngoạn mục của hoa hồng cầu vồng. Ch&uacute;c mừng họ với một loạt những b&ocirc;ng hoa đầy m&agrave;u sắc n&agrave;y sẽ l&agrave; một m&oacute;n qu&agrave; đặc biệt v&agrave; đ&aacute;ng nhớ.</p>\r\n\r\n<p style=\"text-align:justify\">&nbsp;</p>\r\n\r\n<h2 style=\"text-align:justify\"><span style=\"color:#ce2a37\"><strong>C&aacute;ch tạo hoa hồng cầu vồng</strong></span></h2>\r\n\r\n<p style=\"text-align:justify\">Bắt đầu với một b&ocirc;ng hồng trắng. Chọn một nơi m&agrave; chồi mới bắt đầu mở. Nếu chồi qu&aacute; chặt, n&oacute; c&oacute; thể kh&ocirc;ng bao giờ mở ra v&agrave; nếu b&ocirc;ng hoa đ&atilde; được bung ra, n&oacute; sẽ kh&ocirc;ng c&oacute; đủ thời gian để hấp thụ thuốc nhuộm trước khi n&oacute; bắt đầu phai m&agrave;u.</p>\r\n\r\n<p style=\"text-align:justify\"><strong>1&nbsp;&nbsp;</strong>Tạo một vết cắt tươi trong th&acirc;n c&acirc;y. Nếu bạn c&oacute; một th&acirc;n c&acirc;y hoa hồng d&agrave;i, h&atilde;y r&uacute;t ngắn th&acirc;n c&acirc;y xuống c&ograve;n khoảng 8 đến 12 inch, v&igrave; vậy thuốc nhuộm kh&ocirc;ng phải đi xa.</p>\r\n\r\n<p style=\"text-align:justify\"><strong>2</strong>&nbsp;&nbsp;Sử dụng một lưỡi dao hoặc dao sắc, chia th&acirc;n c&acirc;y th&agrave;nh c&aacute;c phần thẳng đứng, một phần cho mỗi m&agrave;u. Cắt khoảng 3 inch l&ecirc;n th&acirc;n c&acirc;y. Đừng l&agrave;m qu&aacute; 3 đến 4 phần nếu kh&ocirc;ng hoa sẽ qu&aacute; mỏng manh để tồn tại.</p>\r\n\r\n<p style=\"text-align:justify\"><strong>3</strong>&nbsp; Trộn thuốc nhuộm của bạn bằng c&aacute;ch sử dụng m&agrave;u thực phẩm v&agrave; nước. Sử dụng một lượng thuốc nhuộm tốt (10 đến 12 giọt) để sắc tố sẽ được b&atilde;o h&ograve;a đủ để thực sự t&ocirc; m&agrave;u c&aacute;nh hoa. Để c&oacute; được cầu vồng đầy đủ, bạn c&oacute; thể sử dụng thuốc nhuộm m&agrave;u đỏ, xanh v&agrave; v&agrave;ng. Họ c&oacute; thể sẽ trộn một ch&uacute;t tr&ecirc;n đường l&ecirc;n th&acirc;n c&acirc;y, tạo hiệu ứng cầu vồng đầy đủ v&agrave; l&agrave;m cho mỗi b&ocirc;ng hồng kh&aacute;c nhau một ch&uacute;t.</p>\r\n\r\n<p style=\"text-align:justify\"><strong>4</strong>&nbsp;&nbsp;Bạn sẽ cần phải để lại từng phần th&acirc;n c&acirc;y trong hỗn hợp thuốc nhuộm trong v&agrave;i ng&agrave;y, v&igrave; vậy h&atilde;y đặt thuốc nhuộm v&agrave;o c&aacute;c th&ugrave;ng chứa hẹp như lọ nụ hoặc ống nghiệm. Mỗi m&agrave;u sẽ đi v&agrave;o th&ugrave;ng chứa ri&ecirc;ng của n&oacute;. Bạn cũng c&oacute; thể sử dụng t&uacute;i nhựa gắn v&agrave;o c&aacute;c phần th&acirc;n c&acirc;y bằng d&acirc;y cao su, v&agrave; sau đ&oacute; đặt tất cả ch&uacute;ng trong một hộp đựng.</p>\r\n\r\n<p style=\"text-align:justify\"><strong>5&nbsp;</strong>&nbsp;H&atilde;y nhẹ nh&agrave;ng khi uốn c&aacute;c phần th&acirc;n c&acirc;y ra, v&agrave; cố gắng kh&ocirc;ng để ch&uacute;ng tiếp x&uacute;c với kh&ocirc;ng kh&iacute; v&agrave; l&agrave;m kh&ocirc; trong hơn một v&agrave;i ph&uacute;t. Đặt hoa hồng ra khỏi &aacute;nh s&aacute;ng mặt trời trực tiếp trong khi n&oacute; đang hấp thụ thuốc nhuộm. B&ocirc;ng hoa đ&atilde; bị căng thẳng, v&agrave; nhiệt độ hoặc &aacute;nh s&aacute;ng cực độ sẽ l&agrave;m n&oacute; yếu đi.</p>\r\n\r\n<p style=\"text-align:justify\"><strong>6</strong>&nbsp;&nbsp;B&acirc;y giờ h&atilde;y ki&ecirc;n nhẫn. Bạn c&oacute; thể nhận thấy những c&aacute;nh hoa đổi m&agrave;u trong v&agrave;i giờ, nhưng để ch&uacute;ng trong thuốc nhuộm trong tối đa một tuần sẽ tạo ra m&agrave;u sắc ấn tượng nhất. H&atilde;y chắc chắn rằng hoa hồng kh&ocirc;ng được để trong hộp kh&ocirc; một khi dung dịch nước / thuốc nhuộm được hấp thụ hết.</p>\r\n\r\n<p style=\"text-align:justify\"><strong>7&nbsp;</strong>&nbsp;Sau khi đạt được hiệu quả mong muốn, bạn c&oacute; thể cắt bỏ phần th&acirc;n c&acirc;y v&agrave; đặt hoa hồng của bạn v&agrave;o một b&igrave;nh nước tươi, nhiệt độ ph&ograve;ng v&agrave; thưởng thức.</p>\r\n\r\n<h2 style=\"text-align:justify\">&nbsp;</h2>\r\n\r\n<p style=\"text-align:justify\">Nếu bạn cần một số trợ gi&uacute;p để chọn những b&ocirc;ng hoa ho&agrave;n hảo cho một người đặc biệt trong cuộc sống của bạn hay bạn chưa biết&nbsp;<a href=\"https://007flower.com/san-pham/007boo-023\"><strong>hoa hồng 7 m&agrave;u mua ở đ&acirc;u</strong></a>,&nbsp; h&atilde;y li&ecirc;n hệ với đội ngũ th&acirc;n thiện v&agrave; hữu &iacute;ch của ch&uacute;ng t&ocirc;i để được tư vấn th&ecirc;m về c&aacute;c loại hoa ph&ugrave; hợp. Hoặc bạn c&oacute; thể t&igrave;m hiểu trực tiếp tr&ecirc;n website của 7LA ROSE tại địa chỉ&nbsp;<em><a href=\"https://www.007flower.com/\">https://www.7larose.com/</a></em></p>\r\n\r\n<p>&nbsp;</p>\r\n', 9, '1666596930_n3.jpg'),
(15, '8 YÊU CẦU ĐỂ BẢO QUẢN HOA TULIP ĐƯỢC TƯƠI LÂU      ', '<p style=\"text-align:justify\">B&ecirc;n cạnh điều kiện đầu ti&ecirc;n l&agrave; phải chọn hoa thật tươi, ch&uacute;ng ta c&ograve;n c&oacute; những c&aacute;ch m&agrave;&nbsp;<strong><em>7LA ROSE&nbsp;</em></strong>sẽ giới thiệu sau đ&acirc;y để k&eacute;o d&agrave;i tuổi thọ của lo&agrave;i hoa xinh đẹp n&agrave;y! Mời bạn c&ugrave;ng xem nh&eacute;!</p>\r\n', '<p style=\"text-align:justify\">Ngo&agrave;i tulip dạng chậu nguy&ecirc;n củ, ch&uacute;ng ta c&ograve;n c&oacute; thể sử dụng tulip cắt c&agrave;nh để l&agrave;m đẹp cho ng&ocirc;i nh&agrave; của m&igrave;nh. B&ecirc;n cạnh điều kiện đầu ti&ecirc;n l&agrave; phải chọn hoa thật tươi, ch&uacute;ng ta c&ograve;n c&oacute; những c&aacute;ch m&agrave;&nbsp;<strong><em>7LA ROSE&nbsp;</em></strong>sẽ giới thiệu sau đ&acirc;y để k&eacute;o d&agrave;i tuổi thọ của lo&agrave;i hoa xinh đẹp n&agrave;y! Mời bạn c&ugrave;ng xem nh&eacute;!</p>\r\n\r\n<p style=\"text-align:justify\">&nbsp;</p>\r\n\r\n<h2 style=\"text-align:justify\"><span style=\"color:#ce2a37\"><strong>Những Y&ecirc;u Cầu Khi Mua Hoa</strong></span></h2>\r\n\r\n<h3 style=\"text-align:justify\"><strong><em>Chọn nụ thay v&igrave; chọn hoa đ&atilde; h&eacute; nở</em></strong></h3>\r\n\r\n<p style=\"text-align:justify\">Nếu mục đ&iacute;ch của bạn l&agrave; d&ugrave;ng để cắm trang tr&iacute; cho dịp đặc biệt n&agrave;o đ&oacute; chỉ diễn ra một lần, h&atilde;y chọn tulip đ&atilde; nở. C&ograve;n kh&ocirc;ng, h&atilde;y chọn những nụ hoa c&ograve;n non, lớp m&agrave;u c&aacute;nh b&ecirc;n ngo&agrave;i vẫn pha ch&uacute;t xanh l&aacute; v&agrave; chưa nh&igrave;n được m&agrave;u sắc thật của ch&uacute;ng. Với trường hợp nh&agrave; bạn c&oacute; trồng hoa tulip, bạn c&oacute; thể thu hoạch khi nụ hoa đ&atilde; lớn nhưng chưa nở, ch&uacute; &yacute; cắt c&agrave;ng s&aacute;t gốc c&agrave;ng tốt.</p>\r\n\r\n<p style=\"text-align:justify\">&nbsp;</p>\r\n\r\n<h3 style=\"text-align:justify\"><strong><em>Bọc hoa bằng giấy ẩm hoặc khăn l&ocirc;ng</em></strong></h3>\r\n\r\n<p style=\"text-align:justify\">Khi mua hoa tulip từ shop hoa về nh&agrave;, bạn h&atilde;y cẩn thận bọc ch&uacute;ng bằng giấy c&oacute; phun ch&uacute;t nước để l&agrave;m ẩm hoặc mang theo khăn l&ocirc;ng ướt để bảo vệ. Điều n&agrave;y sẽ gi&uacute;p hoa tulip kh&ocirc;ng bị mất nước tr&ecirc;n đường về nh&agrave;. Lu&ocirc;n nhớ đến điều n&agrave;y kể cả khi nh&agrave; bạn ở rất gần với tiệm hoa tươi, bởi v&igrave; một khi bị mất nước hoa tulip sẽ rất nhanh h&eacute;o &uacute;a.</p>\r\n\r\n<p style=\"text-align:justify\">&nbsp;</p>\r\n\r\n<h3 style=\"text-align:justify\"><strong><em>Cắt gốc</em></strong></h3>\r\n\r\n<p style=\"text-align:justify\">Cắt bỏ khoảng 0.6cm gốc của c&aacute;c c&agrave;nh tulip để gi&uacute;p ch&uacute;ng h&uacute;t nước tốt hơn. Lưu &yacute; cắt theo g&oacute;c x&eacute;o để tăng th&ecirc;m diện t&iacute;ch h&uacute;t nước cho hoa.</p>\r\n\r\n<p style=\"text-align:justify\">&nbsp;</p>\r\n\r\n<h3 style=\"text-align:justify\"><strong><em>Bỏ l&aacute;</em></strong></h3>\r\n\r\n<p style=\"text-align:justify\">Bất k&igrave; chiếc l&aacute; n&agrave;o ở dưới gốc c&oacute; khả năng sẽ ch&igrave;m trong nước khi cắm, bạn phải loại bỏ ngay. V&igrave; khi l&aacute; ngập trong nước sẽ rất dễ bị &uacute;ng thối, g&acirc;y hại cho hoa v&agrave; l&agrave;m nước cắm c&oacute; m&ugrave;i h&ocirc;i kh&oacute; chịu. Điều n&agrave;y được &aacute;p dụng cho tất cả c&aacute;c loại hoa lu&ocirc;n đấy bạn ạ!</p>\r\n\r\n<p style=\"text-align:justify\">&nbsp;</p>\r\n\r\n<h2 style=\"text-align:justify\"><span style=\"color:#ce2a37\"><strong>Những Y&ecirc;u Cầu Để Hoa Tulip Được Tươi</strong></span></h2>\r\n\r\n<h3 style=\"text-align:justify\"><strong><em>Chọn b&igrave;nh ph&ugrave; hợp</em></strong></h3>\r\n\r\n<p style=\"text-align:justify\">Tốt nhất l&agrave; bạn n&ecirc;n chọn b&igrave;nh c&oacute; cổ d&agrave;i, cao bằng 2/3 c&agrave;nh hoa tulip. V&igrave; khi nở, hoa tulip sẽ nặng hơn n&ecirc;n việc chọn b&igrave;nh cao cổ gi&uacute;p hoa c&oacute; chỗ &ldquo;dựa&rdquo; tốt hơn, duy tr&igrave; vẻ đẹp l&acirc;u bền. Nếu cắm hoa tulip trong b&igrave;nh thấp, ch&uacute;ng sẽ s&agrave; xuống dưới v&agrave; toả ra nhiều ph&iacute;a khiến kết cấu cắm ban đầu bị ph&aacute; vỡ. C&oacute; thể nhiều bạn sẽ th&iacute;ch kiểu b&igrave;nh thấp với hoa tulip toả ra xung quanh nhưng điều n&agrave;y chỉ l&agrave;m hoa nhanh t&agrave;n hơn m&agrave; th&ocirc;i!</p>\r\n\r\n<p style=\"text-align:justify\">&nbsp;</p>\r\n\r\n<h3 style=\"text-align:justify\"><strong><em>Vệ sinh b&igrave;nh cắm</em></strong></h3>\r\n\r\n<p style=\"text-align:justify\">H&atilde;y rửa thật sạch l&ograve;ng b&igrave;nh bằng x&agrave; ph&ograve;ng để đảm bảo c&aacute;c chất bẩn, cặn b&atilde; b&aacute;m ở trong đều bị loại bỏ ho&agrave;n to&agrave;n. Bạn n&ecirc;n sử dụng nước ấm để c&aacute;c chất bẩn nhanh tr&oacute;c hơn, sau khi rửa sạch h&atilde;y d&ugrave;ng khăn b&ocirc;ng lau thật kh&ocirc; to&agrave;n bộ trong ngo&agrave;i của chiếc b&igrave;nh nh&eacute;.</p>\r\n\r\n<p style=\"text-align:justify\">&nbsp;</p>\r\n\r\n<h3 style=\"text-align:justify\"><strong><em>D&ugrave;ng nước lạnh</em></strong></h3>\r\n\r\n<p style=\"text-align:justify\">Nước lạnh sẽ gi&uacute;p c&agrave;nh hoa tulip cứng c&aacute;p v&agrave; tươi khoẻ. Nước n&oacute;ng sẽ khiến hoa h&uacute;t qu&aacute; nhiều nước g&acirc;y &uacute;ng v&agrave; h&eacute;o hoa nhanh hơn.</p>\r\n\r\n<p style=\"text-align:justify\">&nbsp;</p>\r\n\r\n<h3 style=\"text-align:justify\"><strong><em>Sắp xếp hoa đều đặn</em></strong></h3>\r\n\r\n<p style=\"text-align:justify\">Việc cắm chen ch&uacute;c hoa n&agrave;y đ&egrave; l&ecirc;n hoa kia sẽ khiến c&aacute;nh hoa dễ bị dập, ngăn cản sự nở của hoa cũng như khiến hoa nhanh t&agrave;n hơn. Bạn h&atilde;y đặt c&aacute;c b&ocirc;ng tulip quanh miệng b&igrave;nh sao cho giữa ch&uacute;ng đều c&oacute; khoảng kh&ocirc;ng gian nhỏ để ph&aacute;t triển.</p>\r\n\r\n<p style=\"text-align:justify\">&nbsp;</p>\r\n\r\n<h3 style=\"text-align:justify\"><strong><em>Thay nước</em></strong></h3>\r\n\r\n<p style=\"text-align:justify\">Tulip cần nước n&ecirc;n bạn kh&ocirc;ng n&ecirc;n để b&igrave;nh hoa của m&igrave;nh bị cạn nước. Nếu c&oacute; thời gian, n&ecirc;n thay nước mới mỗi ng&agrave;y sẽ gi&uacute;p gốc hoa lu&ocirc;n được sạch sẽ, ngăn chặn sự ph&aacute;t triển của vi khuẩn trong nước cũ.</p>\r\n\r\n<p style=\"text-align:justify\">&nbsp;</p>\r\n\r\n<h3 style=\"text-align:justify\"><strong><em>Sử dụng thuốc dưỡng</em></strong></h3>\r\n\r\n<p style=\"text-align:justify\">Bạn c&oacute; thể t&igrave;m mua c&aacute;c loại thuốc dưỡng hoa ở c&aacute;c tiệm hoa tươi hoặc tự chế dung dịch nước dưỡng hoa tại nh&agrave; với những nguy&ecirc;n liệu đơn giản như chanh tươi hoặc nước rửa ch&eacute;n. Tuy vậy, những c&aacute;ch n&agrave;y kh&ocirc;ng đem lại hiệu quả cao như việc sử dụng thuốc dưỡng hoa.</p>\r\n\r\n<p style=\"text-align:justify\">&nbsp;</p>\r\n\r\n<h3 style=\"text-align:justify\"><strong><em>Kh&ocirc;ng để nơi c&oacute; &aacute;nh s&aacute;ng trực tiếp</em></strong></h3>\r\n\r\n<p style=\"text-align:justify\"><strong>Tulip</strong>&nbsp;ưa &aacute;nh s&aacute;ng nhẹ, những nơi c&oacute; b&oacute;ng r&acirc;m hoặc chỉ tiếp x&uacute;c với &aacute;nh nắng buổi s&aacute;ng. Nhiệt độ th&iacute;ch hợp của Tulip l&agrave; từ 18 &ndash; 25 độ C.</p>\r\n\r\n<p style=\"text-align:justify\">Bạn c&oacute; thể đặt Tulip b&ecirc;n cạnh cửa sổ, nơi c&oacute; thể nhận được &aacute;nh s&aacute;ng nhẹ ấm &aacute;p.&nbsp;</p>\r\n\r\n<p style=\"text-align:justify\">Đặt b&igrave;nh hoa tulip của bạn ở nơi tho&aacute;ng m&aacute;t, kh&ocirc;ng bị &aacute;nh mặt trời chiếu trực tiếp v&agrave;o cũng như kh&ocirc;ng bị gần c&aacute;c thiết bị toả nhiệt như m&aacute;y sưởi, l&ograve; vi s&oacute;ng, l&ograve; nướng&hellip;</p>\r\n\r\n<p style=\"text-align:justify\">&nbsp;</p>\r\n\r\n<h3 style=\"text-align:justify\"><em><strong>Kh&ocirc;ng cắm chung với hoa thuỷ ti&ecirc;n</strong></em></h3>\r\n\r\n<p style=\"text-align:justify\"><em>Hoa thuỷ ti&ecirc;n (daffodil, narcissus) v&agrave; c&aacute;c loại hoa c&oacute; c&ugrave;ng họ với thuỷ ti&ecirc;n sẽ khiến tulip nhanh h&eacute;o nếu cắm chung với nhau. C&aacute;ch tốt nhất l&agrave; bạn n&ecirc;n cắm hoa tulip ri&ecirc;ng biệt để duy tr&igrave; độ tươi l&acirc;u hơn.</em></p>\r\n', 10, '1666597016_n17.jpg'),
(16, 'Ý NGHĨA HOA HỒNG ĐỎ - SẮC ĐẸP, TÌNH YÊU VÀ TUỔI TRẺ      ', '<p style=\"text-align:justify\">Nhắc đến hoa hồng, h&igrave;nh ảnh đầu ti&ecirc;n trong đầu của mỗi người ch&uacute;ng ta hiện l&ecirc;n chắc chắn l&agrave; một&nbsp;<strong>b&ocirc;ng hồng đỏ</strong>. Bởi hoa hồng ng&agrave;y nay đ&atilde; rất quen thuộc với tất cả mọi người. V&agrave; m&agrave;u đỏ l&agrave; m&agrave;u hoa cơ bản nhất, th&acirc;n quen nhất.</p>\r\n', '<p style=\"text-align:justify\">Được biết đến với &quot;biệt danh&quot; l&agrave; nữ ho&agrave;ng của những lo&agrave;i hoa. Từ l&acirc;u vẻ đẹp của những b&ocirc;ng hoa hồng đ&atilde; lu&ocirc;n được t&ocirc;n vinh v&agrave;o trong từng &aacute;ng thi ca. Hay gần gũi hơn, ch&uacute;ng vẫn lu&ocirc;n được ưa chuộng l&agrave;m qu&agrave;, trồng hoặc trang tr&iacute;,...</p>\r\n\r\n<p style=\"text-align:justify\">Nhắc đến hoa hồng, h&igrave;nh ảnh đầu ti&ecirc;n trong đầu của mỗi người ch&uacute;ng ta hiện l&ecirc;n chắc chắn l&agrave; một&nbsp;<strong>b&ocirc;ng hồng đỏ</strong>. Bởi hoa hồng ng&agrave;y nay đ&atilde; rất quen thuộc với tất cả mọi người. V&agrave; m&agrave;u đỏ l&agrave; m&agrave;u hoa cơ bản nhất, th&acirc;n quen nhất.&nbsp;<a href=\"https://007flower.com/san-pham/hoa-hong-do-explorer-001\"><strong>Hoa hồng đỏ</strong></a>&nbsp;được coi l&agrave; một biểu trưng cho h&igrave;nh ảnh của những đ&oacute;a hồng. Đồng thời cũng ch&iacute;nh l&agrave; biểu tượng của t&igrave;nh y&ecirc;u. V&igrave; thế ch&uacute;ng rất được ưa chuộng v&agrave; chọn l&agrave;m qu&agrave; trong những dịp đặc biệt. Đ&oacute; l&agrave; những điều hết sức cơ bản về hoa hồng đỏ. Vậy ngo&agrave;i những điều ấy ch&uacute;ng ta c&ograve;n chưa biết g&igrave; về lo&agrave;i hoa n&agrave;y? H&atilde;y c&ugrave;ng 7LA ROSE đi t&igrave;m hiểu nh&eacute;!</p>\r\n\r\n<h2 style=\"text-align:justify\"><span style=\"color:#ce2a37\"><strong>Truyền thuyết Hoa Hồng Đỏ</strong></span></h2>\r\n\r\n<h3 style=\"text-align:justify\"><span style=\"font-size:12px\"><strong>Aphrodite, nữ thần của sắc đẹp</strong></span></h3>\r\n\r\n<p style=\"text-align:justify\">Aphrodite l&agrave; vị thần được sinh ra từ m&aacute;u của thần Uranus. Những giọt m&aacute;u của cha n&agrave;ng nhỏ xuống biển cả đ&atilde; được những con s&oacute;ng ấp ủ c&ugrave;ng với sự giao thoa tinh kh&iacute; đất trời giữa đại dương bao la đ&atilde; sinh ra thần Aphrodite. Aphrodite c&oacute; sắc đẹp kh&ocirc;ng ai s&aacute;nh bằng. N&agrave;ng được Zeus bạn tặng cho chiếc thắt lưng huyền diệu c&oacute; thể thao t&uacute;ng được t&igrave;nh y&ecirc;u tr&ecirc;n thế gian. Ch&iacute;nh v&igrave; thế m&agrave; Aphrodite chiếm được t&igrave;nh y&ecirc;u của rất nhiều vị thần.</p>\r\n\r\n<h3 style=\"text-align:justify\"><span style=\"font-size:12px\"><strong>Myrrha, c&ocirc;ng ch&uacute;a đ&aacute;ng thương</strong></span></h3>\r\n\r\n<p style=\"text-align:justify\">Truyền thuyết kể lại rằng tại đảo S&iacute;p do vị vua Ky Niras ngự trị. &Ocirc;ng c&ugrave;ng với vợ của m&igrave;nh đ&atilde; sinh ra được một người con g&aacute;i v&ocirc; c&ugrave;ng xinh đẹp mang t&ecirc;n l&agrave; Myrrha. Cả vua lẫn ho&agrave;ng hậu rất vui mừng v&agrave; thương y&ecirc;u c&ocirc; c&ocirc;ng ch&uacute;a. V&igrave; qu&aacute; y&ecirc;u thương con m&igrave;nh, vua Kyniras đ&atilde; rất tự h&agrave;o. &Ocirc;ng khoe khắp mọi nơi l&agrave; con g&aacute;i của m&igrave;nh rất xinh đẹp, thậm ch&iacute; đẹp hơn cả nữ thần Aphrodite.</p>\r\n\r\n<p style=\"text-align:justify\"><img alt=\"hinh-hoa-hong-do\" src=\"https://007flower.com/storage/uploads/shop-hoa-tuoi/hoa-hong-do/hinh-hoa-hong-do.jpg\" style=\"height:460px; width:690px\" /></p>\r\n\r\n<p style=\"text-align:justify\">Kh&ocirc;ng may thay, một ng&agrave;y nọ tin đồn đ&oacute; truyền đến tai Aphrodite. Nữ thần đ&atilde; v&ocirc; c&ugrave;ng tức giận. Thế l&agrave; n&agrave;ng liền sử dụng quyền năng m&agrave; m&igrave;nh c&oacute; l&agrave;m cho Myrrha c&oacute; quan hệ bất ch&iacute;nh với cha m&igrave;nh. Thế rồi, Myrrha c&ugrave;ng với cha m&igrave;nh đ&atilde; sinh ra một người con trai mang t&ecirc;n Adonix. Nhưng sau đ&oacute; Myrrha cũng bị trục xuất ra khỏi cung. N&agrave;ng hoang mang kh&ocirc;ng biết mang con đi về phương trời n&agrave;o. N&agrave;ng đ&atilde; bồng con đi qua hết ngọn đồi n&agrave;y đến ngọn đồi kh&aacute;c rồi cuối c&ugrave;ng kiệt sức v&agrave; qua đời.&nbsp;</p>\r\n\r\n<h3 style=\"text-align:justify\"><span style=\"font-size:12px\"><strong>Adonix, tuyệt t&aacute;c nh&acirc;n gian&nbsp;</strong></span></h3>\r\n\r\n<p style=\"text-align:justify\">Nữ thần Aphrodite l&uacute;c n&agrave;y đ&atilde; thấy hối hận về những lỗi lầm m&igrave;nh đ&atilde; g&acirc;y ra. N&agrave;ng đ&atilde; đem Adonix về nu&ocirc;i dưỡng. Nhưng v&igrave; m&atilde;i lo bận rộn với việc của m&igrave;nh, Aphrodite đ&atilde; trao Adonix cho nữ thần Persephone ngự trị dưới &acirc;m phủ nu&ocirc;i dưỡng. Theo thời gian Adonix cũng trưởng th&agrave;nh. Aphrodite quyết định đến đ&oacute;n Adonix về. Trớ tr&ecirc;u thay, Persephone nhất quyết kh&ocirc;ng trả Adonix lại. V&igrave; khi lớn l&ecirc;n ch&agrave;ng lại qu&aacute; đẹp đến nỗi nữ thần Persephone đ&atilde; đem l&ograve;ng y&ecirc;u. Hai vị thần đ&atilde; tranh c&atilde;i rất căng thẳng. V&agrave; rồi phải nhờ đến sự ph&acirc;n xử của thần Zeus. Cuối c&ugrave;ng Zeus quyết định cho Adonix 3 th&aacute;ng ở với Aphrodite, 3 th&aacute;ng ở với Persephone c&ograve;n 6 th&aacute;ng c&ograve;n lại muốn ở với ai th&igrave; t&ugrave;y.</p>\r\n\r\n<h3 style=\"text-align:justify\"><span style=\"font-size:12px\"><strong>Hoa hồng đỏ, sắc đẹp, t&igrave;nh y&ecirc;u v&agrave; tuổi trẻ</strong></span></h3>\r\n\r\n<p style=\"text-align:justify\">Một ng&agrave;y nọ, Aphrodite c&oacute; buổi tiệc với c&aacute;c vị thần n&ecirc;n kh&ocirc;ng thể c&ugrave;ng người y&ecirc;u đi săn được. Adonix c&ugrave;ng với binh sĩ v&agrave;o rừng săn, đến l&uacute;c chiều t&agrave;n mọi người chuẩn bị quay về th&igrave; trong bụi rậm chợt thấy c&oacute; động tĩnh. Kh&ocirc;ng kiềm chế được với quyết t&acirc;m săn được th&uacute; lớn Adonix đ&atilde; bất chấp lời khuy&ecirc;n của binh sĩ m&agrave; đuổi theo con th&uacute;. Trong l&uacute;c giao đấu với con lợn rừng to lớn, chẳng may ch&agrave;ng bị n&oacute; h&uacute;t v&agrave;o bụng v&agrave; ngực. Thế l&agrave; thế giới trước mắt Adonix trở n&ecirc;n tăm tối v&agrave; m&aacute;u của ch&agrave;ng chảy khắp một v&ugrave;ng đất. M&aacute;u ch&agrave;ng chảy đến đ&acirc;u ở đ&oacute; mọc l&ecirc;n lo&agrave;i hoa hồng trắng tinh khiết v&ocirc; c&ugrave;ng.</p>\r\n\r\n<p style=\"text-align:justify\">Nhận được tin dữ, Aphrodite đ&atilde; lao v&agrave;o rừng t&igrave;m người y&ecirc;u. Tr&ecirc;n suốt chặng đường ch&acirc;n n&agrave;ng bị đ&aacute; v&agrave; gai cứa đứt chảy kh&ocirc;ng biết bao nhi&ecirc;u l&agrave; m&aacute;u. Đến khi t&igrave;m được x&aacute;c người y&ecirc;u Aphrodite v&ocirc; c&ugrave;ng đau khổ v&agrave; kh&oacute;c kh&ocirc;ng ngừng. Tương truyền ch&iacute;nh m&aacute;u của Aphrodite đ&atilde; nhuộm đỏ những c&aacute;nh hồng trắng được mọc l&ecirc;n trong rừng. Từ đ&oacute;, trong nh&acirc;n gian xuất hiện lo&agrave;i&nbsp;<strong>hoa hồng đỏ</strong>&nbsp;biểu tượng của t&igrave;nh y&ecirc;u, sắc đẹp v&agrave; tuổi trẻ.</p>\r\n\r\n<h2 style=\"text-align:justify\"><span style=\"color:#ce2a37\"><strong>Hoa hồng đỏ c&oacute; &yacute; nghĩa g&igrave;?</strong></span></h2>\r\n\r\n<p style=\"text-align:justify\"><strong>Hoa hồng đỏ đẹp nhất</strong>&nbsp;khi tặng đ&uacute;ng người, đ&uacute;ng dịp.</p>\r\n\r\n<p style=\"text-align:justify\">Trong t&igrave;nh y&ecirc;u, những b&ocirc;ng&nbsp;<strong>hoa hồng đỏ</strong>&nbsp;được lựa chọn l&agrave;m biểu trưng cho sự l&atilde;ng mạn, đắm say. Trao nhau những đ&oacute;a hoa hồng đỏ l&agrave; như trao gửi cho nhau những t&igrave;nh cảm ch&acirc;n th&agrave;nh nhất. Đ&oacute; l&agrave; những cảm x&uacute;c m&atilde;nh liệt, ch&aacute;y bỏng của con tim m&agrave; kh&ocirc;ng g&igrave; c&oacute; thể thay thế. Đ&oacute; l&agrave; những kh&aacute;t khao, những đam m&ecirc; trong t&igrave;nh y&ecirc;u đầy sức trẻ. L&agrave; những hạnh ph&uacute;c, những thủy chung m&agrave; bất k&igrave; cặp đ&ocirc;i n&agrave;o cũng tr&acirc;n trọng.</p>\r\n\r\n<p style=\"text-align:justify\">Kh&ocirc;ng chỉ những đ&ocirc;i y&ecirc;u nhau say đắm mới tặng hoa hồng đỏ cho nhau. M&agrave; những đ&ocirc;i t&igrave;nh y&ecirc;u mới chớm nở th&igrave;&nbsp;<strong><a href=\"https://007flower.com/blog/y-nghia-cua-hoa-hong-do-trong-tinh-yeu.html\">&yacute; nghĩa của hoa hồng đỏ</a>&nbsp;</strong>l&agrave; m&oacute;n qu&agrave; thay cho lời ước hẹn. Đ&oacute; l&agrave; một lời hứa cho t&igrave;nh cảm ph&aacute;t triển bền l&acirc;u.</p>\r\n\r\n<p style=\"text-align:justify\">Ngo&agrave;i ra, những b&ocirc;ng hoa n&agrave;y c&ograve;n tượng trưng cho sự ho&agrave;n hảo. V&agrave; n&oacute; ch&iacute;nh l&agrave; biểu trưng cho vẻ đẹp của người phụ nữ. D&aacute;ng&nbsp;<strong>h&igrave;nh hoa hồng đỏ</strong>&nbsp;tựa như h&igrave;nh ảnh của một người phụ nữ ki&ecirc;u sa, quyến rũ. Trao tặng một người con g&aacute;i đ&oacute;a hoa hồng đỏ l&agrave; như gửi đến c&ocirc; ấy rằng c&ocirc; ấy l&agrave; ho&agrave;n mỹ nhất.</p>\r\n\r\n<p style=\"text-align:justify\">B&ecirc;n cạnh đ&oacute;, hoa hồng đỏ c&ograve;n mang &yacute; nghĩa của l&ograve;ng biết ơn, sự cảm k&iacute;ch. Nếu bạn muốn c&aacute;m ơn ai đ&oacute; hoặc b&agrave;y tỏ t&igrave;nh cảm trước sự cảm k&iacute;ch với nghĩa cử cao đẹp th&igrave;&nbsp;<strong>b</strong><strong>&oacute; hoa hồng đỏ</strong>&nbsp;l&agrave; sự lựa chọn ho&agrave;n hảo. Kh&ocirc;ng những thế, b&oacute; hoa hồng đỏ &yacute; nghĩa c&ograve;n bộc lộ sự nh&atilde; nhặn, ngọt ng&agrave;o, đầy t&iacute;nh nh&acirc;n văn.</p>\r\n\r\n<h2 style=\"text-align:justify\"><span style=\"color:#ce2a37\"><strong>Hoa hồng đỏ được sử dụng trong những dịp n&agrave;o?</strong></span></h2>\r\n\r\n<p style=\"text-align:justify\">Với vẻ đẹp lung linh v&agrave; m&agrave;u hoa đỏ ki&ecirc;u sa, những b&ocirc;ng&nbsp;<strong>hoa hồng đỏ</strong>&nbsp;chiếm trọn &aacute;nh mắt của người nh&igrave;n trong bất kỳ kh&ocirc;ng gian n&agrave;o. Với &yacute; nghĩa tượng trưng cho t&igrave;nh y&ecirc;u, những b&ocirc;ng hoa n&agrave;y sẽ l&agrave; những m&oacute;n qu&agrave; v&ocirc; c&ugrave;ng &yacute; nghĩa để d&agrave;nh tặng cho người y&ecirc;u trong những dịp đặc biệt. Đ&oacute; c&oacute; thể l&agrave; một ng&agrave;y valentine l&atilde;ng mạn. Đ&oacute; c&oacute; thể l&agrave; một ng&agrave;y kỷ niệm ngọt ng&agrave;o. Hay cũng c&oacute; thể l&agrave; ng&agrave;y 8/3, ng&agrave;y sinh nhật &yacute; nghĩa,... Xuất hiện với một&nbsp;<strong>b&oacute; hoa hồng đỏ</strong>&nbsp;sẽ l&agrave; &yacute; tưởng tuyệt vời l&agrave;m ngất ng&acirc;y v&agrave; h&agrave;i l&ograve;ng người đặc biệt của bạn.</p>\r\n\r\n<p style=\"text-align:justify\">Kh&ocirc;ng những vậy, ch&uacute;ng ta vẫn c&oacute; thể trồng những kh&oacute;m hồng đỏ trong khu vườn nh&agrave;. Hay cắm những b&igrave;nh hoa đỏ đặt trong kh&ocirc;ng gian nh&agrave; ở. Sự xuất hiện của những b&ocirc;ng hoa n&agrave;y sẽ l&agrave;m cho m&aacute;i ấm của bạn&nbsp; trở n&ecirc;n n&ecirc;n l&atilde;ng mạn, ngọt ng&agrave;o hơn.</p>\r\n\r\n<h2 style=\"text-align:justify\"><span style=\"color:#ce2a37\"><strong>Lời kết&nbsp;</strong></span></h2>\r\n\r\n<p style=\"text-align:justify\">Với vẻ đẹp v&agrave; những &yacute; nghĩa ho&agrave;n hảo của&nbsp;<a href=\"https://www.007flower.com/blog/hoa-hong-do.html\"><strong>hoa hồng đỏ</strong></a>. Ch&uacute;ng t&ocirc;i tin chắc rằng bạn đ&atilde;&nbsp; c&oacute; sự lựa chọn cho những dịp đặc biệt sắp đến. Đừng ngại m&agrave; kh&ocirc;ng n&oacute;i l&ecirc;n những lời y&ecirc;u thương. Đừng ngại m&agrave; kh&ocirc;ng trao nhau những đ&oacute;a hoa để b&agrave;y tỏ t&igrave;nh cảm. H&atilde;y đến với cửa h&agrave;ng hoa tươi online 007 Flower! Ch&uacute;ng t&ocirc;i sẽ c&ugrave;ng bạn bạn thực hiện những điều ấy!</p>\r\n', 9, '1666597028_n12.jpg'),
(17, '13 CÁCH BẢO QUẢN HOA HỒNG TƯƠI LÂU NHẤT        ', '<p style=\"text-align:justify\">Những b&ocirc;ng hoa hồng đẹp lộng lẫy, hương thơm dịu nhẹ, m&agrave;u sắc đa dạng v&agrave; nhiều chủng loại n&ecirc;n rất được nhiều người mua b&aacute;n, đặc biệt l&agrave; trong c&aacute;c dịp lễ, ng&agrave;y sinh nhật,...</p>\r\n', '<p style=\"text-align:justify\">Những b&ocirc;ng hoa hồng đẹp lộng lẫy, hương thơm dịu nhẹ, m&agrave;u sắc đa dạng v&agrave; nhiều chủng loại n&ecirc;n rất được nhiều người mua b&aacute;n, đặc biệt l&agrave; trong c&aacute;c dịp lễ, ng&agrave;y sinh nhật,...Tuy nhi&ecirc;n, hoa hồng cũng rất dễ h&eacute;o v&agrave; rụng c&aacute;nh sau một thời gian ngắn. Bạn đ&atilde; biết l&agrave;m c&aacute;ch n&agrave;o để bảo quản hoa hồng tươi l&acirc;u chưa? Nếu chưa th&igrave; h&atilde;y tham khảo b&agrave;i viết dưới đ&acirc;y nh&eacute;,&nbsp;<a href=\"https://007flower.com/\"><strong>Shop hoa tươi 7larose&nbsp;</strong></a>&nbsp;gợi &yacute; bạn một v&agrave;i c&aacute;ch bảo quản hoa hồng tươi l&acirc;u nhất nh&eacute;!</p>\r\n\r\n<p style=\"text-align:justify\">&nbsp;</p>\r\n\r\n<h2 style=\"text-align:justify\"><span style=\"color:#ce2a37\"><strong>1. D&ugrave;ng nước cất hoặc nước tinh khiết để cắm hoa</strong></span></h2>\r\n\r\n<p style=\"text-align:justify\">D&ugrave;ng nước ấm để cắm hoa sẽ gi&uacute;p hoa tươi l&acirc;u hơn, kh&ocirc;ng bị h&eacute;o hay bạc m&agrave;u v&igrave;&nbsp;<a href=\"https://007flower.com/san-pham/hoa-hong-ohara-013\"><strong>hoa hồng</strong></a>&nbsp;th&iacute;ch hợp với nước c&oacute; độ trung t&iacute;nh. Nếu bạn d&ugrave;ng nước tinh khiết để cắm hoa th&igrave; n&ecirc;n để nước trong tủ lạnh qua đ&ecirc;m để c&aacute;c chất Clo bay đi hết, như vậy sẽ gi&uacute;p hoa tươi l&acirc;u hơn.</p>\r\n\r\n<p style=\"text-align:justify\">&nbsp;</p>\r\n\r\n<h2 style=\"text-align:justify\"><span style=\"color:#ce2a37\"><strong>2. Cho thuốc aspirin v&agrave;o nước cắm hoa</strong></span></h2>\r\n\r\n<p style=\"text-align:justify\">Nếu thả một v&agrave;i vi&ecirc;n thuốc aspirin đ&atilde; nghiền n&aacute;t v&agrave;o b&igrave;nh cắm hoa tươi, nồng độ axit trong nước sẽ tăng l&ecirc;n, ngấm l&ecirc;n th&acirc;n c&acirc;y sẽ gi&uacute;p cho hoa tươi l&acirc;u hơn.</p>\r\n\r\n<p style=\"text-align:justify\">&nbsp;</p>\r\n\r\n<h2 style=\"text-align:justify\"><span style=\"color:#ce2a37\"><strong>3. Cắm hoa trong nước ấm</strong></span></h2>\r\n\r\n<p style=\"text-align:justify\">Bạn c&oacute; thể cắm hoa trong nước ấm với nhiệt độ l&agrave; 22⁰C hoặc theo nhiệt độ ph&ograve;ng l&agrave; th&iacute;ch hợp nhất. Bạn đ&atilde; biết chưa, việc sử dụng nước ấm để cắm hoa sẽ tốt hơn nước lạnh nhiều đấy. Tuy nhi&ecirc;n, với những loại hoa ở dạng củ th&igrave; d&ugrave;ng nước lạnh để cắm hoa.</p>\r\n\r\n<p style=\"text-align:justify\">Bạn c&ograve;n c&oacute; thể d&ugrave;ng nước n&oacute;ng để cắm hoa nữa đấy. Bạn cho một lượng nước n&oacute;ng ngang th&acirc;n lọ v&agrave; c&oacute; nhiệt độ từ 34-44⁰C để nơi tho&aacute;ng m&aacute;t từ 1-2 giờ. Thời gian n&agrave;y hoa sẽ &iacute;t bị mất đi độ pH v&agrave; được để ở nơi tho&aacute;ng m&aacute;t, c&aacute;c ph&acirc;n tử trong nước sẽ thấm v&agrave;o hoa l&agrave;m hoa tươi l&acirc;u hơn.</p>\r\n\r\n<p style=\"text-align:justify\">&nbsp;</p>\r\n\r\n<h2 style=\"text-align:justify\"><span style=\"color:#ce2a37\"><strong>4. Cho đồng xu v&agrave;o b&igrave;nh hoa</strong></span></h2>\r\n\r\n<p style=\"text-align:justify\">Để một đồng xu trong b&igrave;nh cắm hoa sẽ l&agrave;m cho&nbsp;<a href=\"https://007flower.com/blog/cach-giu-hoa-tuoi-lau.html\"><strong>hoa tươi l&acirc;u</strong></a>&nbsp;v&igrave; đồng l&agrave; kim loại hoạt động như chất kh&aacute;ng khuẩn tự nhi&ecirc;n gi&uacute;p cuống hoa l&acirc;u bị ph&acirc;n hủy trong nước.</p>\r\n\r\n<p style=\"text-align:justify\">&nbsp;</p>\r\n\r\n<h2 style=\"text-align:justify\"><span style=\"color:#ce2a37\"><strong>5. Cắt bớt phần l&aacute; ph&iacute;a dưới</strong></span></h2>\r\n\r\n<p style=\"text-align:justify\">Để hoa được tươi l&acirc;u hơn, tốt nhất bạn n&ecirc;n cắt bỏ phần l&aacute; ph&iacute;a dưới v&igrave; nếu để l&aacute; lại v&agrave; ng&acirc;m trong nước sẽ l&agrave;m cho l&aacute; nhanh thối, tạo điều kiện cho vi khuẩn ph&aacute;t triển, l&agrave;m hoa kh&ocirc;ng giữ được độ tươi l&acirc;u, nhanh h&eacute;o t&agrave;n.</p>\r\n\r\n<p style=\"text-align:justify\">&nbsp;</p>\r\n\r\n<h2 style=\"text-align:justify\"><span style=\"color:#ce2a37\"><strong>6. Thay nước thường xuy&ecirc;n</strong></span></h2>\r\n\r\n<p style=\"text-align:justify\">Việc thay nước mỗi ng&agrave;y cũng l&agrave; một phần gi&uacute;p hoa tươi l&acirc;u, tr&aacute;nh c&aacute;c vi khuẩn ph&aacute;t triển l&agrave;m hại hoa. Khi thay nước bạn n&ecirc;n lấy những phần vụn trong lọ trước khi cho nước mới v&agrave;o nh&eacute;. Ngo&agrave;i ra, bạn c&oacute; thể c&oacute; v&agrave;i vi&ecirc;n thuốc Aspirin đ&atilde; nghiền n&aacute;t v&agrave;o trong nước, thuốc sẽ l&agrave;m cho độ axit trong nước tăng l&ecirc;n, ngấm v&agrave;o th&acirc;n c&acirc;y sẽ gi&uacute;p hoa được tươi l&acirc;u. Khi thay nước cần cắt bớt khoảng 2,5cm đoạn dưới cuống hoa.</p>\r\n\r\n<p style=\"text-align:justify\">&nbsp;</p>\r\n\r\n<h2 style=\"text-align:justify\"><span style=\"color:#ce2a37\"><strong>7. Cho giấm trắng v&agrave;o b&igrave;nh hoa</strong></span></h2>\r\n\r\n<p style=\"text-align:justify\">Mẹo nhỏ&nbsp;<a href=\"https://007flower.com/blog/bao-quan-hoa-hong-tuoi-lau.html\"><strong>c&aacute;ch giữ hoa hồng tươi l&acirc;u</strong></a>&nbsp;tiếp theo l&agrave; h&atilde;y cho một &iacute;t giấm trắng v&agrave;o b&igrave;nh hoa khoảng một ph&uacute;t trước khi cắm nếu muốn hoa hồng tươi l&acirc;u hơn. Giấm trắng v&agrave; nước hoạt động như một chất x&uacute;c t&aacute;c để ngăn chặn những b&ocirc;ng hoa bị h&eacute;o &uacute;a sau ng&agrave;y thứ ba.</p>\r\n\r\n<p style=\"text-align:justify\">&nbsp;</p>\r\n\r\n<h2 style=\"text-align:justify\"><span style=\"color:#ce2a37\"><strong>8. Cắt gốc hoa theo đường ch&eacute;o</strong></span></h2>\r\n\r\n<p style=\"text-align:justify\">Bạn d&ugrave;ng một con dao hoặc một c&aacute;i k&eacute;o thật b&eacute;n để cắt gốc hoa theo đường ch&eacute;o g&oacute;c 45⁰. L&agrave;m như vậy sẽ gi&uacute;p c&acirc;y dễ d&agrave;ng hấp thụ nước, l&agrave;m hơn giữ được độ tươi l&acirc;u hơn.</p>\r\n\r\n<p style=\"text-align:justify\">&nbsp;</p>\r\n\r\n<h2 style=\"text-align:justify\"><span style=\"color:#ce2a37\"><strong>9. Sử dụng thuốc B1 l&agrave; c&aacute;ch giữ hoa hồng tươi l&acirc;u được nhiều người &aacute;p dụng</strong></span></h2>\r\n\r\n<p style=\"text-align:justify\">Nghiền n&aacute;t một vi&ecirc;n thuốc B1 sau đ&oacute; h&ograve;a v&agrave;o nước cắm hoa cũng sẽ gi&uacute;p cho hoa tươi l&acirc;u hơn th&ocirc;ng thường. Thuốc B1 gi&uacute;p c&aacute;c c&agrave;nh hoa h&uacute;t nước nhanh v&agrave; nhiều hơn.</p>\r\n\r\n<p style=\"text-align:justify\">&nbsp;</p>\r\n\r\n<h2 style=\"text-align:justify\"><span style=\"color:#ce2a37\"><strong>10. Kh&ocirc;ng để hoa dưới nhiệt độ cao, &aacute;nh nắng mặt trời</strong></span></h2>\r\n\r\n<p style=\"text-align:justify\">Bạn n&ecirc;n để hoa ở những nơi tho&aacute;ng m&aacute;t, nhiệt độ th&iacute;ch hợp, tr&aacute;nh &aacute;nh nắng trực tiếp v&agrave; những nơi c&oacute; nhiệt độ cao, như vậy sẽ gi&uacute;p hoa được tươi l&acirc;u hơn.</p>\r\n\r\n<p style=\"text-align:justify\">&nbsp;</p>\r\n\r\n<h2 style=\"text-align:justify\"><span style=\"color:#ce2a37\"><strong>11. Loại bỏ hoa h&eacute;o ngay lập tức</strong></span></h2>\r\n\r\n<p style=\"text-align:justify\">Khi thấy những b&ocirc;ng hoa đ&atilde; h&eacute;o th&igrave; bạn phải loại bỏ ngay lập tức để tr&aacute;nh l&acirc;y lan cho những c&agrave;nh hoa kh&aacute;c sẽ l&agrave;m hoa nhanh h&eacute;o hơn.</p>\r\n\r\n<p style=\"text-align:justify\">&nbsp;</p>\r\n\r\n<h2 style=\"text-align:justify\"><span style=\"color:#ce2a37\"><strong>12. Sử dụng chiếc lọ sạch v&agrave; rộng để cắm hoa</strong></span></h2>\r\n\r\n<p style=\"text-align:justify\">Kh&ocirc;ng nhất thiết phải cắm thật nhiều hoa th&igrave; lọ hoa mới đẹp, quan trọng l&agrave; hoa phải được tươi l&acirc;u. Để được như vậy, bạn cần một chiếc b&igrave;nh c&oacute; th&acirc;n rộng, kh&ocirc;ng gian trong b&igrave;nh phải để phần gốc của hoa phải được tho&aacute;ng kh&iacute; v&agrave; tươi l&acirc;u.</p>\r\n\r\n<p style=\"text-align:justify\">&nbsp;</p>\r\n\r\n<h2 style=\"text-align:justify\"><span style=\"color:#ce2a37\"><strong>13. Đặt hoa tr&aacute;nh xa hoa quả v&agrave; rau củ</strong></span></h2>\r\n\r\n<p style=\"text-align:justify\">C&oacute; những l&uacute;c bạn kh&ocirc;ng cần thiết th&igrave; c&oacute; thể bảo quản hoa hồng trong tủ lạnh nhưng bạn phải để hoa tr&aacute;nh xa c&aacute;c thực phẩm trong tủ lạnh như tr&aacute;i c&acirc;y, rau củ quả v&igrave; c&aacute;c thực phẩm n&agrave;y sẽ thải ra một lượng kh&iacute; etylen, đ&acirc;y l&agrave; kh&iacute; l&agrave;m ch&iacute;n hoa quả, nếu đặt hoa gần sẽ l&agrave;m hoa xấu đi nhanh ch&oacute;ng.</p>\r\n', 9, '1666597037_n1.jpg');
INSERT INTO `tbl_baiviet` (`id`, `tenbaiviet`, `tomtat`, `noidung`, `id_danhmuc`, `hinhanh`) VALUES
(18, '5 CÁCH CHĂM SÓC HOA LAN HỒ ĐIỆP TƯƠI LÂU VÀ ĐẸP      ', '<p style=\"text-align:justify\">&nbsp;<strong>Lan hồ điệp</strong>&nbsp;được mệnh danh l&agrave; &ldquo;nữ ho&agrave;ng của c&aacute;c lo&agrave;i lan&rdquo;,&nbsp; mang vẻ đẹp cao sang, tinh tế, qu&yacute; ph&aacute;i v&agrave; tao nh&atilde;. C&aacute;i đẹp của&nbsp;<strong>lan hồ điệp</strong>&nbsp;c&oacute; thể thu h&uacute;t bất cứ ai.</p>\r\n', '<h1 style=\"text-align:justify\">&nbsp;</h1>\r\n\r\n<p style=\"text-align:justify\"><strong>Lan hồ điệp</strong>&nbsp;được mệnh danh l&agrave; &ldquo;nữ ho&agrave;ng của c&aacute;c lo&agrave;i lan&rdquo;,&nbsp; mang vẻ đẹp cao sang, tinh tế, qu&yacute; ph&aacute;i v&agrave; tao nh&atilde;. C&aacute;i đẹp của&nbsp;<strong>lan hồ điệp</strong>&nbsp;c&oacute; thể thu h&uacute;t bất cứ ai, từ những người trẻ th&iacute;ch rực rỡ nổi bật, những người chuộng sự đằm thắm, hay người tinh tế nhẹ nh&agrave;ng.Vậy&nbsp;<strong>c&aacute;ch chăm hoa lan hồ điệp tươi l&acirc;u</strong>&nbsp;liệu bạn đ&atilde; biết chưa? H&atilde;y c&ugrave;ng tham khảo với 007 Flower nh&eacute;!</p>\r\n\r\n<p style=\"text-align:justify\">&nbsp;</p>\r\n\r\n<h2 style=\"text-align:justify\"><span style=\"color:#ce2a37\"><strong>1. Tưới nước</strong></span></h2>\r\n\r\n<p style=\"text-align:justify\">Việc tưới nước cho c&acirc;y lu&ocirc;n được xem l&agrave; một trong những yếu tố quan trọng h&agrave;ng đầu, đặc biệt l&agrave; đối với lo&agrave;i hoa &ldquo;kh&oacute; chịu&rdquo; như Lan Hồ Điệp. Đ&acirc;y l&agrave; lo&agrave;i c&acirc;y đơn th&acirc;n, diện t&iacute;ch bốc hơi của bản l&aacute; kh&aacute; lớn n&ecirc;n cần cung cấp một lượng nước đầy đủ. Th&ocirc;ng thường, đối với hoa Lan n&oacute;i chung, chỉ cần tưới nước vừa đủ ẩm. Ri&ecirc;ng với Lan Hồ Điệp, v&agrave;o m&ugrave;a h&egrave;, n&ecirc;n tưới cho hoa khoảng 5-7 ng&agrave;y/lần. Ngược lại v&agrave;o m&ugrave;a đ&ocirc;ng, độ ẩm cao, người trồng chỉ cần tưới khoảng 10-12 ng&agrave;y/lần l&agrave; đủ.</p>\r\n\r\n<p style=\"text-align:justify\">Thời gian tốt nhất để tưới nước cho hoa l&agrave; buổi s&aacute;ng, kh&ocirc;ng n&ecirc;n tưới v&agrave;o buổi chiều. Đồng thời, việc xem x&eacute;t nhu cầu nước của c&acirc;y v&agrave; gi&aacute; thể sử dụng cũng l&agrave; một điều cần thiết. Ng&agrave;y nay, người chơi hoa thường d&ugrave;ng gi&aacute; thể l&agrave; đ&aacute; tr&acirc;n ch&acirc;u, vỏ c&acirc;y dương xỉ, than củi. V&igrave; n&oacute; giữ ẩm tốt. Do đ&oacute;, bạn kh&ocirc;ng n&ecirc;n tưới nước qu&aacute; nhiều. V&igrave; gi&aacute; thể qu&aacute; ẩm sẽ g&acirc;y thối rễ.</p>\r\n\r\n<p style=\"text-align:justify\">&nbsp;</p>\r\n\r\n<h2 style=\"text-align:justify\"><span style=\"color:#ce2a37\"><strong>2. Ch&uacute; &yacute; độ ẩm</strong></span></h2>\r\n\r\n<p style=\"text-align:justify\">Lan Hồ Điệp l&agrave; loại c&acirc;y cần ẩm độ từ 50 &ndash; 80%. Nếu m&ocirc;i trường c&oacute; độ ẩm thấp hơn, người trồng c&oacute; thể d&ugrave;ng m&agrave;n che để hạn chế sự tho&aacute;t nước của c&acirc;y. Hoặc bạn c&oacute; thể cho th&ecirc;m nước v&agrave; một &iacute;t sỏi hay đ&aacute; cuội v&agrave;o chậu trồng lan để duy tr&igrave; độ ẩm ở mức tối ưu. Trong qu&aacute; tr&igrave;nh chăm s&oacute;c, nếu thấy c&acirc;y c&oacute; trạng th&aacute;i ủ rũ, bạn n&ecirc;n chuyển c&acirc;y sang vị tr&iacute; kh&aacute;c hoặc tăng/giảm số lần tưới cho hợp l&yacute;.</p>\r\n\r\n<p style=\"text-align:justify\">&nbsp;</p>\r\n\r\n<h2 style=\"text-align:justify\"><span style=\"color:#ce2a37\"><strong>3. &Aacute;nh s&aacute;ng v&agrave; vị tr&iacute; trưng hoa Lan Hồ Điệp</strong></span></h2>\r\n\r\n<p style=\"text-align:justify\">Lan Hồ Điệp l&agrave; lo&agrave;i cần c&oacute; &aacute;nh s&aacute;ng để ph&aacute;t triển tốt. Những chậu lan khi mua về trưng b&agrave;y trong nh&agrave; n&ecirc;n để ở nơi c&oacute; &aacute;nh s&aacute;ng vừa phải như: vị tr&iacute; ở gần cửa sổ, ph&ograve;ng kh&aacute;ch c&oacute; đ&egrave;n chiếu s&aacute;ng nh&acirc;n tạo,&hellip; Phải ch&uacute; &yacute;, tuyệt đối kh&ocirc;ng được để chậu lan dưới &aacute;nh nắng trực tiếp, v&igrave; khi tiếp x&uacute;c trực tiếp với &aacute;nh s&aacute;ng mặt trời c&acirc;y sẽ bị v&agrave;ng l&aacute;, ch&aacute;y th&acirc;n l&aacute; v&agrave; hoa nhanh t&agrave;n&hellip;&nbsp;</p>\r\n\r\n<p style=\"text-align:justify\">&nbsp;</p>\r\n\r\n<p style=\"text-align:justify\">&Aacute;nh s&aacute;ng l&yacute; tưởng cho lan Hồ Điệp ph&aacute;t triển tốt ch&iacute;nh l&agrave; &aacute;nh mặt trời v&agrave;o l&uacute;c s&aacute;ng sớm hoặc chiều muộn. Lo&agrave;i lan n&agrave;y cần nhiệt độ ban ng&agrave;y l&agrave; 18-29oC v&agrave; nhiệt độ ban đ&ecirc;m l&agrave; 13-18oC. Nhiệt độ tốt nhất cho hoa l&agrave; ở 21-32oC.&nbsp;</p>\r\n\r\n<p style=\"text-align:justify\">Trong suốt khoảng m&ugrave;a thu, cần duy tr&igrave; nhiệt độ dưới 16oC cho lan Hồ Điệp li&ecirc;n tục trong 3 tuần khi cụm hoa bắt đầu xuất hiện. Việc l&agrave;m n&agrave;y sẽ gi&uacute;p lan tr&aacute;nh được hiện tượng rụng nụ khi c&oacute; sự thay đổi bất thường về nhiệt độ.</p>\r\n\r\n<p style=\"text-align:justify\">&nbsp;</p>\r\n\r\n<h2 style=\"text-align:justify\"><span style=\"color:#ce2a37\"><strong>4. Bổ sung chất dinh dưỡng cho hoa</strong></span></h2>\r\n\r\n<p style=\"text-align:justify\">Lan Hồ Điệp rất cần được cung cấp đầy đủ c&aacute;c chất dinh dưỡng. Để c&acirc;y ph&aacute;t triển tốt v&agrave; cho hoa đẹp. Việc b&oacute;n ph&acirc;n cho c&acirc;y n&ecirc;n tiến h&agrave;nh thường xuy&ecirc;n hơn v&agrave;o m&ugrave;a h&egrave; v&agrave; khi c&acirc;y đang trong giai đoạn tăng trưởng. Tần suất tưới từ 2 đ&ecirc;́n 3 tu&acirc;̀n tưới ph&acirc;n hòa tan 1 l&acirc;̀n. M&ugrave;a đ&ocirc;ng, c&acirc;y sẽ sử dụng dưỡng chất &iacute;t hơn.</p>\r\n\r\n<p style=\"text-align:justify\">Loại ph&acirc;n b&oacute;n với c&ocirc;ng thức ổn định như NPK 14 &ndash; 14 &ndash; 14 sẽ đem đến hiệu quả tối ưu. Bạn n&ecirc;n pha ph&acirc;n theo hướng d&acirc;̃n sử dụng của nhà sản xu&acirc;́t cho sản ph&acirc;̉m hoa Lan H&ocirc;̀ Đi&ecirc;̣p. Ri&ecirc;ng đối với c&acirc;y đang ra hoa, bạn cần sử dụng ph&acirc;n c&oacute; h&agrave;m lượng photpho cao hơn, như 10 &ndash; 30 &ndash; 20. Lưu &yacute; việc tưới nước cho c&acirc;y trước v&agrave; sau khi b&oacute;n ph&acirc;n l&agrave; điều kh&ocirc;ng thể bỏ qua. V&igrave; nước sẽ l&agrave; dung m&ocirc;i gi&uacute;p c&acirc;y hấp thụ c&aacute;c dưỡng chất trong ph&acirc;n b&oacute;n.</p>\r\n\r\n<p style=\"text-align:justify\">Nếu &aacute;p dụng đầy đủ những kỹ thuật trong&nbsp;<strong>c&aacute;ch chăm s&oacute;c hoa Lan</strong>&nbsp;th&igrave; độ bền hoa c&oacute; thể đạt từ 8 &ndash; 10 tuần, c&oacute; khi l&ecirc;n đến 12 tuần. Thời gian thưởng hoa sẽ l&acirc;u hơn rất nhiều so với khi kh&ocirc;ng c&oacute; kỹ thuật chăm s&oacute;c hoa Lan đ&uacute;ng c&aacute;ch.</p>\r\n\r\n<p style=\"text-align:justify\">&nbsp;</p>\r\n\r\n<h2 style=\"text-align:justify\"><span style=\"color:#ce2a37\"><strong>5. Tạo sự th&ocirc;ng tho&aacute;ng cho lan hồ điệp</strong></span></h2>\r\n\r\n<p style=\"text-align:justify\">So với c&aacute;c lo&agrave;i lan kh&aacute;c, tạo sự th&ocirc;ng tho&aacute;ng cho lan hồ điệp l&agrave; điều cần thiết. Đ&acirc;y l&agrave; một yếu tố rất quan trọng gi&uacute;p ph&ograve;ng ngừa c&aacute;c bệnh thối rữa v&agrave; nhiều lọai vi nấm thường gặp ở lo&agrave;i lan n&agrave;y. Sự th&ocirc;ng gi&oacute; c&agrave;ng lớn c&acirc;y c&agrave;ng &iacute;t bệnh v&igrave; n&oacute; gi&uacute;p c&acirc;y mau kh&ocirc; sau khi tưới. Tuy nhi&ecirc;n, sự th&ocirc;ng gi&oacute; qu&aacute; mạnh cũng sẽ dễ l&agrave;m cho c&acirc;y mất nước. Do đ&oacute;, cần ch&uacute; &yacute; điều chỉnh độ tho&aacute;ng gi&oacute; vừa phải, giữ cho l&aacute; của lan Hồ Điệp lu&ocirc;n kh&ocirc; r&aacute;o l&agrave; ổn, việc n&agrave;y phụ thuộc v&agrave;o vị tr&iacute; đặt&nbsp;<a href=\"https://hoalan360.com/\"><strong>chậu lan Hồ Điệp</strong></a>&nbsp;v&agrave; kh&ocirc;ng gian quanh chậu.</p>\r\n\r\n<p style=\"text-align:justify\">&nbsp;</p>\r\n\r\n<h2 style=\"text-align:justify\"><span style=\"color:#ce2a37\"><strong>Những điều cần phải lưu &yacute; kh&aacute;c</strong></span></h2>\r\n\r\n<p style=\"text-align:justify\">Khi hoa gần t&agrave;n hay c&acirc;y c&oacute; hiện tượng yếu đi phải cắt ngay c&agrave;nh hoa v&agrave; tưới ph&acirc;n 30-10-10 để dưỡng c&acirc;y. Hoặc c&acirc;y khỏe, muốn tiếp tục chơi hoa th&igrave; cắt c&agrave;nh hoa, chỉ cắt hết phần hoa đ&atilde; t&agrave;n, tại c&aacute;c mắt của c&agrave;nh hoa sẽ mọc ra c&aacute;c nh&agrave;nh hoa kh&aacute;c.</p>\r\n\r\n<p style=\"text-align:justify\">Khi tưới ph&acirc;n kh&ocirc;ng được pha qu&aacute; liều lượng quy định, c&acirc;y sẽ v&agrave;ng l&aacute; v&agrave; chết.</p>\r\n\r\n<p style=\"text-align:justify\">M&ugrave;a đ&ocirc;ng, nếu nhiệt độ dưới 150C, c&acirc;y kh&ocirc;ng ph&aacute;t triển, nụ sẽ bị hỏng, phải chuyển đến chỗ ấm hơn hoặc che cho c&acirc;y.</p>\r\n\r\n<p style=\"text-align:justify\">V&agrave;o m&ugrave;a mưa, l&aacute; rất dễ bị giập do nước mưa rỏ trực tiếp v&agrave;o g&acirc;y ra bệnh thối l&aacute;. Vậy phải tr&aacute;nh mưa bằng c&aacute;ch che nil&ocirc;ng hoặc t&ocirc;n nhựa.</p>\r\n', 10, '1666597047_n2.jpg'),
(19, '10 CÁCH GIỮ HOA TƯƠI LÂU NHẤT VÀ MẸO CHO TỪNG LOẠI HOA   ', '<p style=\"text-align:justify\">Tặng hoa lu&ocirc;n l&agrave; một c&aacute;ch đơn giản nhất nhưng v&ocirc; c&ugrave;ng hiệu quả trong việc l&agrave;m đối phương vui vẻ hơn. Tuy nhi&ecirc;n, hoa lại chỉ c&oacute; thể tươi trong v&agrave;i ng&agrave;y. Dưới đ&acirc;y l&agrave; 10 c&aacute;ch m&agrave; 7LA ROSE mang đến gi&uacute;p bạn c&oacute; thể bảo quản hoa tươi &lsquo;l&acirc;u nhất c&oacute; thể&rsquo;.</p>\r\n', '<p style=\"text-align:justify\"><strong>Những b&ocirc;ng hoa đầy m&agrave;u sắc gi&uacute;p t&acirc;m trạng mọi người cảm thấy thoải m&aacute;i. Tuy đẹp nhưng lại rất nhanh t&agrave;n. Vậy l&agrave;m c&aacute;ch n&agrave;o để giữ hoa tươi l&acirc;u nhất c&oacute; thể?</strong></p>\r\n\r\n<p style=\"text-align:justify\">Tặng hoa lu&ocirc;n l&agrave; một c&aacute;ch đơn giản nhất nhưng v&ocirc; c&ugrave;ng hiệu quả trong việc l&agrave;m đối phương vui vẻ hơn. Tuy nhi&ecirc;n, hoa lại chỉ c&oacute; thể tươi trong v&agrave;i ng&agrave;y. Dưới đ&acirc;y l&agrave; 10 c&aacute;ch m&agrave; 7LA ROSE mang đến gi&uacute;p bạn c&oacute; thể bảo quản hoa tươi &lsquo;l&acirc;u nhất c&oacute; thể&rsquo;.</p>\r\n\r\n<p style=\"text-align:justify\">&nbsp;</p>\r\n\r\n<h2 style=\"text-align:justify\"><span style=\"color:#ce2a37\"><strong>Sử dụng một chiếc lọ sạch v&agrave; rộng để cắm hoa</strong></span></h2>\r\n\r\n<p style=\"text-align:justify\">Lu&ocirc;n sử dụng lọ sạch để cắm hoa v&igrave; c&oacute; thể loại bỏ được kha kh&aacute; những vi khuẩn l&agrave;m hoa nhanh h&eacute;o. Để chắc chắn rằng hoa kh&ocirc;ng bị n&eacute;n qu&aacute; chặt, n&ecirc;n dử dụng lọ hoa c&oacute; cổ rộng.</p>\r\n\r\n<p style=\"text-align:justify\">&nbsp;</p>\r\n\r\n<h2 style=\"text-align:justify\"><span style=\"color:#ce2a37\"><strong>Cắm hoa trong nước n&oacute;ng</strong></span></h2>\r\n\r\n<p style=\"text-align:justify\">Tất nhi&ecirc;n l&agrave; nước n&oacute;ng chứ kh&ocirc;ng phải nước s&ocirc;i. Nhiệt độ l&yacute; tưởng n&ecirc;n ở trong khoảng từ 43-44&deg;C. Cho một lượng nước ngang th&acirc;n lọ hoa rồi để ra nơi tho&aacute;ng m&aacute;t trong 1-2 giờ. C&aacute;c ph&acirc;n tử trong nước ấm sẽ thẩm thấu v&agrave;o hoa nhanh hơn, đồng thời hoa lại &iacute;t bị mất đi độ ẩm v&igrave; ở nơi tho&aacute;ng m&aacute;t. Phương ph&aacute;p n&agrave;y c&oacute; t&ecirc;n l&agrave; &ldquo;l&agrave;m cứng lại&rdquo;, l&agrave; một trong những b&iacute; quyết gi&uacute;p hoa tươi l&acirc;u hơn.</p>\r\n\r\n<p style=\"text-align:justify\">&nbsp;</p>\r\n\r\n<h2 style=\"text-align:justify\"><span style=\"color:#ce2a37\"><strong>Cắt gốc hoa theo đường ch&eacute;o</strong></span></h2>\r\n\r\n<p style=\"text-align:justify\">Đừng qu&ecirc;n cắt gốc hoa thường xuy&ecirc;n. Sử dụng một con dao sắc v&agrave; cắt gốc hoa theo một g&oacute;c 45&deg;. C&ocirc;ng đoạn đơn giản n&agrave;y lại l&agrave;m tăng khả năng hấp thụ nước của hoa. Với những hoa dễ h&eacute;o như hoa hồng, tốt nhất n&ecirc;n cắt c&agrave;nh ở dưới nước. Hoa hồng đặc biệt nhạy cảm với bọt kh&iacute; v&agrave; vi khuẩn, những yếu tố n&agrave;y l&agrave;m hoa hồng cực nhanh h&eacute;o v&igrave; cản trở sự hấp thụ nước.</p>\r\n\r\n<p style=\"text-align:justify\">&nbsp;</p>\r\n\r\n<h2 style=\"text-align:justify\"><span style=\"color:#ce2a37\"><strong>Cắt bỏ bớt l&aacute; ở ph&iacute;a dưới</strong></span></h2>\r\n\r\n<p style=\"text-align:justify\">Để l&agrave;m hoa tươi l&acirc;u hơn, loại bỏ to&agrave;n bộ l&aacute; ở dưới mực nước trong lọ hoa. L&aacute; ng&acirc;m trong nước rất nhanh thối. Đ&acirc;y l&agrave; nguồn thức ăn dồi d&agrave;o cho vi khuẩn sinh sống v&agrave; hoạt động, từ đ&oacute; l&agrave;m hoa nhanh h&eacute;o.</p>\r\n\r\n<p style=\"text-align:justify\">&nbsp;</p>\r\n\r\n<h2 style=\"text-align:justify\"><span style=\"color:#ce2a37\"><strong>Thay nước cho hoa thường xuy&ecirc;n</strong></span></h2>\r\n\r\n<p style=\"text-align:justify\">Thay nước cho hoa mỗi ng&agrave;y cũng l&agrave; c&aacute;ch gi&uacute;p hoa tươi l&acirc;u hơn. V&agrave; bạn đừng n&ecirc;n qu&ecirc;n loại bỏ hết những mảnh vụn trước khi th&ecirc;m nước mới v&agrave;o lọ. Ngo&agrave;i ra, bạn c&oacute; thể cho th&ecirc;m v&agrave;i vi&ecirc;n Aspirin v&agrave;o lọ l&agrave;m cho nước sạch hơn v&agrave; ngăn ngừa vi khuẩn.</p>\r\n\r\n<p style=\"text-align:justify\">&nbsp;</p>\r\n\r\n<h2 style=\"text-align:justify\"><span style=\"color:#ce2a37\"><strong>Tr&aacute;nh để hoa dưới &aacute;nh nắng mặt trời, nhiệt độ cao, v&agrave; tr&aacute;i c&acirc;y</strong></span></h2>\r\n\r\n<p style=\"text-align:justify\">Cần t&igrave;m một nơi để đặt lọ hoa tr&aacute;nh &aacute;nh nắng trực tiếp, nhiệt độ cao. Cần tr&aacute;nh th&ecirc;m việc đặt hoa gần tr&aacute;i c&acirc;y v&igrave; ch&uacute;ng ph&aacute;t ra một lượng nhỏ ethylene, một loại kh&iacute; c&oacute; thể khiến hoa x&aacute;u đi nhanh ch&oacute;ng.</p>\r\n\r\n<h1 style=\"text-align:justify\">&nbsp;</h1>\r\n\r\n<h2 style=\"text-align:justify\"><span style=\"color:#ce2a37\"><strong>Sử dụng chất bảo quản hoa</strong></span></h2>\r\n\r\n<p style=\"text-align:justify\">Bạn ra h&agrave;ng hoa v&agrave; mua loại nước c&oacute; t&ecirc;n l&agrave; &ldquo;thức ăn cho hoa&rdquo;. Nước bảo quản thực vật c&oacute; đầy đủ c&aacute;c chất dinh dưỡng cần thiết gi&uacute;p hoa tươi l&acirc;u. Hơn nữa, phần lớn th&agrave;nh phần trong đ&oacute; l&agrave; c&aacute;c chất diệt khuẩn v&agrave; ngăn ngừa vi khuẩn l&acirc;y lan sang thực vật.</p>\r\n\r\n<p style=\"text-align:justify\">Bạn cũng c&oacute; thể tự l&agrave;m loại dung dịch n&agrave;y bằng những th&agrave;nh phần đơn giản bằng c&aacute;ch pha nước chanh c&oacute; ga với nước tẩy. Hoặc bạn c&oacute; thể pha bất k&igrave; nước uống c&oacute; ga c&oacute; chứa đường v&agrave; axit v&agrave;o nước. Pha soda với nước theo tỉ lệ 1:3, sau đ&oacute; th&ecirc;m v&agrave;o một v&agrave;i giọt nước tẩy (kh&ocirc;ng nhiều) để loại bỏ c&aacute;c vi sinh vật g&acirc;y hại. Tr&ecirc;n thực tế, loại dung dịch n&agrave;y c&ograve;n c&oacute; t&aacute;c dụng hơn nhiều loại dinh dưỡng kh&aacute;c được b&agrave;y b&aacute;n tại h&agrave;ng hoa.</p>\r\n\r\n<h1 style=\"text-align:justify\">&nbsp;</h1>\r\n\r\n<h2 style=\"text-align:justify\"><span style=\"color:#ce2a37\"><strong>Bỏ đi hoa h&eacute;o c&agrave;ng sớm c&agrave;ng sớm c&agrave;ng tốt</strong></span></h2>\r\n\r\n<p style=\"text-align:justify\">Nếu thấy hoa h&eacute;o, bạn n&ecirc;n cắt bỏ ch&uacute;ng ngay lập tức. V&igrave; kh&iacute; ethylene kh&ocirc;ng chỉ c&oacute; trong tr&aacute;i c&acirc;y m&agrave; c&ograve;n c&oacute; cả trong hoa h&eacute;o, sẽ l&agrave;m cho hoa tươi rất nhanh hỏng.</p>\r\n\r\n<p style=\"text-align:justify\">&nbsp;</p>\r\n\r\n<h2 style=\"text-align:justify\"><span style=\"color:#ce2a37\"><strong>Bảo quản hoa đ&uacute;ng c&aacute;ch</strong></span></h2>\r\n\r\n<p style=\"text-align:justify\">Kh&ocirc;ng phải lo&agrave;i hoa n&agrave;o cũng c&oacute; c&aacute;ch bảo quản giống nhau. Hoa thủy ti&ecirc;n v&agrave; hoa lan dạ hương c&oacute; thể lan tỏa chất độc hại sang c&aacute;c lo&agrave;i hoa kh&aacute;c, v&igrave; vậy cần cắm ch&uacute;ng trong những chiếc b&igrave;nh ri&ecirc;ng biệt.</p>\r\n\r\n<p style=\"text-align:justify\">Nếu tất cả c&aacute;c c&aacute;ch của bạn dường như kh&ocirc;ng d&ugrave;ng được nữa, bạn h&atilde;y cắm hoa v&agrave;o một b&igrave;nh nước ấm. Hoa sẽ tươi lại như ban đầu.</p>\r\n\r\n<p style=\"text-align:justify\">&nbsp;</p>\r\n\r\n<h2 style=\"text-align:justify\"><span style=\"color:#ce2a37\"><strong>Một số mẹo bảo quản theo từng lo&agrave;i hoa</strong></span></h2>\r\n\r\n<h3 style=\"text-align:justify\"><strong>Hoa hồng</strong></h3>\r\n\r\n<p style=\"text-align:justify\">Đ&acirc;y l&agrave; loại hoa rất dễ chịu. V&igrave; thế bạn kh&ocirc;ng n&ecirc;n tỉa hết gai như một v&agrave;i người thường l&agrave;m v&igrave; nếu như l&agrave;m thế hoa sẽ bị thương. Khi thay nước, bạn kh&ocirc;ng n&ecirc;n r&uacute;t hoa ra khỏi lọ. bạn n&ecirc;n cắt gốc hoa mỗi ng&agrave;y một lần. Buổi tối, đem hoa ra sương cho hoa &ldquo;h&iacute;t&rdquo; kh&iacute; trời. Bạn n&ecirc;n ngắt bớt c&aacute;nh hoa bị &uacute;a m&agrave;u để lu&ocirc;n c&oacute; một b&igrave;nh hoa tươi mới. Khi hoa h&eacute;o, c&oacute; thể dốc ngược lại để giữ th&agrave;nh đ&oacute;a hoa hồng kh&ocirc;. Với hoa hồng, cần chọn mua những hoa kh&ocirc;ng bị nở to&eacute;t. Nếu mua cả đ&oacute;a, n&ecirc;n loại những hoa c&oacute; dấu hiệu h&eacute;o &uacute;a ra khỏi đ&oacute;a v&igrave; chỉ cần 1 hoa h&eacute;o c&oacute; thể sẽ ảnh hưởng đến c&aacute;c hoa xung quanh. Ngo&agrave;i ra bạn c&oacute; thể cho thuốc B1 v&agrave;o lọ cắm hoa hồng bạn sẽ được một b&igrave;nh hồng tươi rất l&acirc;u.</p>\r\n\r\n<h3 style=\"text-align:justify\"><strong>Hoa mai</strong>&nbsp;</h3>\r\n\r\n<p style=\"text-align:justify\">Hoa mai l&agrave; lo&agrave;i hoa cần rất nhiều nước. V&igrave; thế, c&aacute;c bạn phải d&ugrave;ng một lọ hoa lớn v&agrave; cao, đựng được nhiều nước, khi cắm hoa v&agrave;o lọ bạn n&ecirc;n đốt cho gốc hoa ch&aacute;y sơ sơ. Mỗi ng&agrave;y bạn n&ecirc;n ch&acirc;m nước lu&ocirc;n lu&ocirc;n.</p>\r\n\r\n<h3 style=\"text-align:justify\"><strong>Hoa mẫu đơn</strong>&nbsp;</h3>\r\n\r\n<p style=\"text-align:justify\">Mẫu đơn cần rất nhiều nước. V&igrave; thế v&agrave;i giờ bạn phải th&ecirc;m một lần. Về ban đ&ecirc;m, bạn n&ecirc;n r&uacute;t hoa ra khỏi lọ, ng&acirc;m hoa v&agrave;o chậu nước cho nước ngập đến đ&agrave;i hoa.</p>\r\n\r\n<h3 style=\"text-align:justify\"><strong>Hoa tử đinh hương</strong>&nbsp;</h3>\r\n\r\n<p style=\"text-align:justify\">L&agrave; một loại hoa d&agrave;i, bạn phải d&ugrave;ng lọ lớn để cắm. Trước khi cắm, bạn phải tước vỏ hoa tới độ chừng 1/2 c&agrave;nh hoa, hoặc bạn d&ugrave;ng dao kh&iacute;a chữ thập l&ecirc;n th&acirc;n hoa. Như thế th&acirc;n mới c&oacute; thể h&uacute;t được nước kịp cho hoa</p>\r\n\r\n<h3 style=\"text-align:justify\"><strong>Hoa tuplip</strong>&nbsp;</h3>\r\n\r\n<p style=\"text-align:justify\">L&agrave; loại hoa thuộc d&ograve;ng họ lạnh, độ bền thường k&eacute;o d&agrave;i từ 5-7 ng&agrave;y nếu b&igrave;nh hoa được để trong ph&ograve;ng lạnh. Khi cắm thả đ&aacute; lạnh, mỗi ng&agrave;y thay nước một lần. Nước đ&aacute; từ từ chảy ra sẽ gi&uacute;p hoa tươi l&acirc;u hơn.</p>\r\n\r\n<h3 style=\"text-align:justify\"><strong>Cẩm chướng</strong></h3>\r\n\r\n<p style=\"text-align:justify\">L&agrave; loại hoa kh&aacute; bền, c&aacute;ch chăm s&oacute;c tương tự hoa hồng. C&aacute;c bước cơ bản l&agrave; cắt gốc, tỉa l&aacute;&hellip; Tương tự, bạn c&oacute; thể &aacute;p dụng c&aacute;ch chăm s&oacute;c n&agrave;y với hoa c&uacute;c v&agrave; một số loại hoa kh&aacute;c.</p>\r\n\r\n<h3 style=\"text-align:justify\"><strong>Hoa loa k&egrave;n</strong></h3>\r\n\r\n<p style=\"text-align:justify\">Khi cắm hoa, cắt gốc, lấy băng keo quấn sơ ở dưới gốc hoa để tr&aacute;nh gốc bị toe ra. V&igrave; th&acirc;n hoa loe k&egrave;n l&agrave; th&acirc;n ống (th&acirc;n rỗng) n&ecirc;n th&acirc;n rất dễ bị dập n&aacute;t. Nếu bảo quản tốt, hoa loa k&egrave;n c&oacute; thể cắm được rất bền. Ngo&agrave;i ra, bạn cũng n&ecirc;n thay nước h&agrave;ng ng&agrave;y.</p>\r\n\r\n<h3 style=\"text-align:justify\"><strong>Hoa ly ly</strong></h3>\r\n\r\n<p style=\"text-align:justify\">Đ&acirc;y l&agrave; loại hoa rất bền, thơm. Khoảng 2 ng&agrave;y thay nước một lần. Tắm cho hoa m&aacute;t bằng c&aacute;ch xịt nước h&agrave;ng ng&agrave;y.</p>\r\n\r\n<h3 style=\"text-align:justify\"><strong>Hoa sen</strong></h3>\r\n\r\n<p style=\"text-align:justify\">Muốn sen l&acirc;u t&agrave;n n&ecirc;n bịt b&ugrave;n v&agrave;o gốc hoa, sau đ&oacute; cắm v&agrave;o nước muối nhạt.</p>\r\n\r\n<h3 style=\"text-align:justify\"><strong>Hoa c&uacute;c</strong></h3>\r\n\r\n<p style=\"text-align:justify\">Hoa c&uacute;c b&igrave;nh dị v&agrave; c&oacute; sức sống m&atilde;nh liệt, nếu ho&agrave; một ch&uacute;t ur&ecirc; v&agrave;o nước cắm sẽ giữ c&uacute;c tươi cả th&aacute;ng.</p>\r\n', 10, '1666597058_n15.jpg'),
(20, 'CẢM ĐỘNG CHUYỆN TÌNH TRONG TRUYỀN THUYẾT CÁC LOẠI HOA    ', '<p style=\"text-align:justify\">C&ugrave;ng 7LAROSE kh&aacute;m ph&aacute; những&nbsp; c&acirc;u chuyện th&uacute; vị về những lo&agrave;i hoa nh&eacute;!</p>\r\n', '<p style=\"text-align:justify\"><strong>Hoa hồng</strong></p>\r\n\r\n<p style=\"text-align:justify\"><br />\r\nNg&agrave;y xa xưa, ở một vương quốc y&ecirc;n b&igrave;nh xa x&ocirc;i c&oacute; một vị ho&agrave;ng đế ngủ qu&ecirc;n với ngai v&agrave;ng, xa hoa m&agrave; bỏ b&ecirc; việc nước. Lũ bầy t&ocirc;i ham danh lợi cai trị d&acirc;n ch&uacute;ng muốn vua qu&ecirc;n triều ch&iacute;nh n&ecirc;n đ&atilde; t&igrave;m cho vị ho&agrave;ng đế n&agrave;y một người vợ xinh đẹp tuyệt vời. Tuy nhi&ecirc;n, ho&agrave;ng hậu xinh đẹp lại rất mực y&ecirc;u thương nh&agrave; vua.</p>\r\n\r\n<p style=\"text-align:justify\"><br />\r\nSau thời gian thụ thai, ho&agrave;ng hậu sinh một đứa b&eacute; kh&aacute;u khỉnh nhưng th&acirc;n thể của đứa b&eacute; trong suốt, thấy hết cả đường g&acirc;n, mạch m&aacute;u. Bọn bầy t&ocirc;i phản động đ&atilde; g&acirc;y &aacute;p lực buộc nh&agrave; vua đuổi ho&agrave;ng hậu v&agrave; ho&agrave;ng tử khỏi ho&agrave;ng cung. V&igrave; phải che chở cho con, ho&agrave;ng hậu chịu nhiều gian khổ v&agrave; chết v&igrave; kiệt sức. Tiếng kh&oacute;c của ho&agrave;ng tử cảm động đất trời v&agrave; thượng đế đ&atilde; sai người đưa ho&agrave;ng tử v&agrave;o rừng nu&ocirc;i nấng.</p>\r\n\r\n<p style=\"text-align:justify\"><img alt=\"\" src=\"https://007flower.com/storage/uploads/blog/007boo019-do-1.jpg\" style=\"height:1096px; width:840px\" /></p>\r\n\r\n<p style=\"text-align:justify\">Hoa Hồng</p>\r\n\r\n<p style=\"text-align:justify\">Vương quốc y&ecirc;n b&igrave;nh kh&ocirc;ng l&acirc;u th&igrave; bị qu&acirc;n giặc x&acirc;m lấn. Ban đầu, lũ bầy t&ocirc;i ham sống sợ chết để một m&igrave;nh nh&agrave; vua v&agrave; &iacute;t qu&acirc;n l&iacute;nh bảo vệ vương quốc. Thất thế, vua v&agrave;o rừng chi&ecirc;u mộ binh sĩ v&agrave; tập luyện. Một thời gian sau, nh&agrave; vua đ&aacute;nh đuổi được bọn x&acirc;m lăng nhưng người bị thương trong trận chiến cuối c&ugrave;ng. Trước khi chết, nh&agrave; vua b&agrave;y tỏ t&acirc;m nguyện được gặp lại người con trai. Gặp nh&agrave; vua, cứu cha, cứu những người d&acirc;n khỏi sự trừng phạt của thượng đế, ho&agrave;ng tử phải đ&aacute;nh đổi bằng sinh mạng của m&igrave;nh.</p>\r\n\r\n<p style=\"text-align:justify\">Một năm sau, người ta thấy tr&ecirc;n ng&ocirc;i mộ của ch&agrave;ng v&agrave; chung quanh khu vực đ&oacute; mọc l&ecirc;n những b&ocirc;ng hoa đỏ tươi như m&aacute;u với thật nhiều gai nhọn từ gốc đến ngọn. Người ta cho đ&oacute; l&agrave; sự kết tinh lại của t&igrave;nh thương của ch&agrave;ng ho&agrave;ng tử để nhắc nhở cho người đời b&agrave;i học cao cả nhất về y&ecirc;u thương v&agrave; hạnh ph&uacute;c. Người d&acirc;n gọi lo&agrave;i hoa đ&oacute; l&agrave; hoa hồng. Cho đến ng&agrave;y nay, d&ugrave; c&oacute; nhiều m&agrave;u sắc kh&aacute;c nhau, nhưng hoa hồng vẫn mang nghĩa tượng trưng cho sự y&ecirc;u thương.</p>\r\n\r\n<p style=\"text-align:justify\"><strong>Hoa Mimosa</strong></p>\r\n\r\n<p style=\"text-align:justify\"><br />\r\nỞ v&ugrave;ng đất Australia tươi đẹp nằm giữa biển khơi đầy nắng ấm xưa c&oacute; một đ&ocirc;i t&igrave;nh nh&acirc;n y&ecirc;u nhau say đắm. Ch&agrave;ng l&agrave; con của một ngư d&acirc;n, c&oacute; th&acirc;n h&igrave;nh vạm vỡ, nước da đen b&oacute;ng v&agrave; th&ocirc;ng minh tuyệt vời. N&agrave;ng l&agrave; con g&aacute;i cưng của một gia đ&igrave;nh qu&yacute; tộc đẹp rực rỡ, đ&agrave;i c&aacute;c v&agrave; c&oacute; tấm l&ograve;ng nh&acirc;n hậu.</p>\r\n\r\n<p style=\"text-align:justify\"><br />\r\nTuy nhi&ecirc;n, gia đ&igrave;nh n&agrave;ng lại &eacute;p gả n&agrave;ng cho một c&ocirc;ng tước ho&agrave;ng gia. Ch&agrave;ng trai buồn phiền từ gi&atilde; biển khơi, bỏ nghề ch&agrave;i lưới, l&ecirc;n một v&ugrave;ng n&uacute;i cao hiểm trở l&agrave;m nghề giữ rừng để t&igrave;m qu&ecirc;n mối t&igrave;nh tuyệt vọng. Khi đặt ch&acirc;n đến nơi, th&igrave; một trận hỏa hoạn dữ dội xảy ra. Một m&igrave;nh ch&agrave;ng bất chấp hiểm nguy để cứu những c&aacute;nh rừng xanh v&agrave; những con Calcuru tội nghiệp. V&agrave; rồi, ngọn lửa qu&aacute;i &aacute;c kia đ&atilde; l&agrave;m ch&agrave;ng ngất xỉu v&agrave; thi&ecirc;u sống ch&agrave;ng.</p>\r\n\r\n<p style=\"text-align:justify\"><img alt=\"\" src=\"https://007flower.com/storage/uploads/blog/hoa-mimosa.jpg\" style=\"height:368px; width:550px\" /></p>\r\n\r\n<p style=\"text-align:justify\">Hoa Mimosa</p>\r\n\r\n<p style=\"text-align:justify\">Khi hay tin ch&agrave;ng trai bỏ th&agrave;nh phố biển l&ecirc;n ng&agrave;n t&igrave;m qu&ecirc;n mối t&igrave;nh đầu dang dở, trong đ&ecirc;m t&acirc;n h&ocirc;n c&ocirc; g&aacute;i đ&atilde; bỏ trốn để t&igrave;m người y&ecirc;u. Nhưng, khi gặp được th&igrave; thấy th&acirc;n x&aacute;c ch&agrave;ng b&ecirc;n đống tro t&agrave;n của c&aacute;nh rừng bị ch&aacute;y.</p>\r\n\r\n<p style=\"text-align:justify\"><ins><ins><ins><iframe frameborder=\"0\" height=\"120\" id=\"aswift_4\" name=\"aswift_4\" scrolling=\"no\" width=\"480\"></iframe></ins></ins></ins></p>\r\n\r\n<p style=\"text-align:justify\"><br />\r\nN&agrave;ng quỳ xuống v&agrave; gục chết b&ecirc;n người y&ecirc;u. Từ đ&oacute;, tr&ecirc;n v&ugrave;ng n&uacute;i cao của đất nước Australia thơ mộng - nơi cặp t&igrave;nh nh&acirc;n đ&atilde; chết cho t&igrave;nh y&ecirc;u xuất hiện một lo&agrave;i c&acirc;y th&acirc;n mộc, l&aacute; m&agrave;u xanh biếc, lấp l&aacute;nh hoa v&agrave;ng thơm m&aacute;t. Thổ d&acirc;n địa phương đặt cho lo&agrave;i c&acirc;y n&agrave;y một c&aacute;i t&ecirc;n thật đẹp: Mimosa.</p>\r\n\r\n<p style=\"text-align:justify\"><br />\r\nNg&agrave;y nay, khi c&aacute;c cặp t&igrave;nh nh&acirc;n tặng hoa Mimosa cho nhau để khẳng định sự chung thuỷ, lu&ocirc;n hướng về người m&igrave;nh đem l&ograve;ng y&ecirc;u thương.</p>\r\n\r\n<p style=\"text-align:justify\"><strong>Hoa phong lan</strong></p>\r\n\r\n<p style=\"text-align:justify\"><br />\r\nMột bộ lạc t&ecirc;n Aruaki thời xa xưa may mắn sai khiến được lo&agrave;i chim O&oacute;cch&iacute;t chuy&ecirc;n đẻ những quả trứng v&agrave;ng. Từ đ&oacute;, những người thợ l&agrave;nh nghề đ&atilde; chế tạo ra c&aacute;c v&ograve;ng tay, hoa tai v&agrave; đủ c&aacute;c loại trang sức v&agrave;ng v&agrave; số trứng v&agrave;ng dự trữ mỗi ng&agrave;y một nhiều.</p>\r\n\r\n<p style=\"text-align:justify\"><img alt=\"\" src=\"https://007flower.com/storage/uploads/flower-design/007or-235-gallery-1-thumbnail.jpg\" style=\"height:1260px; width:840px\" /></p>\r\n\r\n<p style=\"text-align:justify\">Lan Hồ Điệp 007Flower</p>\r\n\r\n<p style=\"text-align:justify\">Một ng&agrave;y kia, những người thợ săn bộ tộc kh&aacute;c đến lập mưu đồ chiếm đoạt con chim đẻ trứng v&agrave;ng. Tuy nhi&ecirc;n, những c&ocirc; g&aacute;i xinh đẹp của bộ lạc Aruaki quyết bảo vệ lo&agrave;i chim qu&yacute; kể cả khi phải hi sinh th&acirc;n m&igrave;nh. Trước c&aacute;i chết đ&oacute;, thầy c&uacute;ng gọi t&ecirc;n họ v&agrave; n&oacute;i:<br />\r\n- C&aacute;c con đ&atilde; xả th&acirc;n bảo vệ kho b&aacute;u của bộ lạc ta, c&aacute;c con xứng đ&aacute;ng được ban thưởng. T&acirc;m hồn c&aacute;c con sẽ biến th&agrave;nh những b&ocirc;ng hoa ng&aacute;t hương, ch&uacute;ng sẽ kh&ocirc;ng ngừng sinh s&ocirc;i tr&ecirc;n c&aacute;c c&agrave;nh c&acirc;y kia v&agrave; sẽ kể lại cho c&aacute;c thế hệ mai sau về chiến c&ocirc;ng bảo vệ lo&agrave;i chim mỏ v&agrave;ng của c&aacute;c con.</p>\r\n\r\n<p style=\"text-align:justify\"><br />\r\nNhững b&ocirc;ng hoa tuyệt vời tựa như c&aacute;c c&ocirc; g&aacute;i của bộ lạc Aruaki đang đua nở tr&ecirc;n c&aacute;c c&agrave;nh c&acirc;y. Người đời nay gọi đ&oacute; l&agrave; hoa O&oacute;ckhiđ&ecirc;a - hay l&agrave; hoa phong lan</p>\r\n\r\n<p style=\"text-align:justify\"><strong>Hoa bất tử</strong></p>\r\n\r\n<p style=\"text-align:justify\"><br />\r\nChuyện kể rằng c&oacute; một đ&ocirc;i trai g&aacute;i y&ecirc;u nhau thắm thiết. Một ng&agrave;y nọ, người con g&aacute;i ước ao c&oacute; được ch&ugrave;m hoa qu&iacute; ở tr&ecirc;n một đỉnh n&uacute;i cao nhiều người biết đến nhưng kh&ocirc;ng sao h&aacute;i được, v&igrave; hoa đ&oacute; ở đỉnh n&uacute;i rất cao, chỉ nở v&agrave;o m&ugrave;a đ&ocirc;ng tuyết phủ d&agrave;y đặc.</p>\r\n\r\n<p style=\"text-align:justify\"><br />\r\nKh&ocirc;ng quản gian khổ nhọc nhằn, ch&agrave;ng trai đ&atilde; từ biệt c&ocirc; g&aacute;i v&agrave;o một ng&agrave;y đầu xu&acirc;n băng gi&aacute; đang tan, để lặn lội đến nơi c&oacute; ch&ugrave;m hoa qu&iacute; tặng người y&ecirc;u. Ch&agrave;ng quyết t&acirc;m chinh phục đỉnh n&uacute;i cao, leo từ mỏm đ&aacute; sắc nhọn n&agrave;y đến mỏm đ&aacute; sắc nhọn kh&aacute;c, mặc cho mưa rơi, mặc cho tuyết phủ...</p>\r\n\r\n<p style=\"text-align:justify\"><br />\r\nCho đến một ng&agrave;y, đ&oacute;i v&agrave; kh&aacute;t khiến ch&agrave;ng trai kiệt sức. Ch&agrave;ng quay xuống v&agrave;o đ&uacute;ng c&aacute;i ng&agrave;y tr&ograve;n một năm xa c&aacute;ch người y&ecirc;u trong tư thế quỳ rạp xuống, nhưng gương mặt vẫn hướng về ph&iacute;a đỉnh n&uacute;i.</p>\r\n\r\n<p style=\"text-align:justify\">Ch&agrave;ng tắt thở v&igrave; kiệt sức v&agrave; kỳ lạ, nơi ch&agrave;ng trai ng&atilde; xuống đ&atilde; mọc l&ecirc;n một ch&ugrave;m hoa đỏ thắm như m&aacute;u, th&acirc;n mềm yếu nằm rạp xuống đất. V&igrave; c&agrave;nh hoa mềm rũ, yếu ớt, mgười d&acirc;n ở v&ugrave;ng n&uacute;i cao chỉ ngắt lấy b&ocirc;ng hoa đem về phơi kh&ocirc; l&agrave;m thuốc uống v&agrave; qu&agrave; tặng. Khi phơi những đ&oacute;a hoa ấy dưới nắng mặt trời th&igrave; b&ocirc;ng hoa se lại v&agrave; c&aacute;nh th&ecirc;m tươi thắm sắc m&agrave;u. Người d&acirc;n lấy những c&agrave;nh c&acirc;y v&oacute;t nhọn đầu v&agrave; cắm hoa bất từ kh&ocirc; l&ecirc;n đ&oacute;, l&agrave;m những chiếc l&aacute; giả quanh c&agrave;nh c&acirc;y tạo n&ecirc;n những c&agrave;nh hoa thật đẹp, v&agrave; họ đem tặng nhau v&agrave;o những dịp lễ hội.</p>\r\n\r\n<p style=\"text-align:justify\">Người đời đ&atilde; đặt t&ecirc;n cho lo&agrave;i hoa ấy l&agrave; hoa bất tử. Ng&agrave;y nay, những cặp trai g&aacute;i lấy hoa bất tử tặng nhau với &yacute; nghĩa cao đẹp, t&igrave;nh y&ecirc;u l&agrave; bất tử, kh&ocirc;ng bao giờ &ldquo;chết&rdquo; trong gian khổ kh&oacute; khăn.</p>\r\n\r\n<p style=\"text-align:justify\"><img alt=\"hoa bất tu-1\" src=\"https://007flower.com/storage/uploads/blog/hoa-bat-tu-1.jpg\" style=\"height:599px; width:799px\" /></p>\r\n\r\n<p style=\"text-align:justify\">&nbsp;</p>\r\n\r\n<p style=\"text-align:justify\"><strong>Hoa thạch thảo</strong></p>\r\n\r\n<p style=\"text-align:justify\"><br />\r\nNg&agrave;y xưa ở một ng&ocirc;i l&agrave;ng v&ugrave;ng ngoại &ocirc; c&oacute; một đ&ocirc;i trai g&aacute;i l&agrave; Ami v&agrave; Edible, sống cạnh nh&agrave; nhau từ nhỏ n&ecirc;n rất th&acirc;n. Đến khi Ami v&agrave; Edible trưởng th&agrave;nh, Edible tuấn t&uacute; đ&atilde; đem l&ograve;ng y&ecirc;u c&ocirc; n&agrave;ng xinh đẹp Ami. Tuy nhi&ecirc;n, c&ocirc; g&aacute;i Ami chỉ đồng &yacute; lấy ai thoả m&atilde;n được y&ecirc;u cầu l&agrave; đem về cho n&agrave;ng một lo&agrave;i hoa lạ v&agrave; n&agrave;ng cảm thấy th&iacute;ch. Ch&iacute;nh Edible cũng kh&ocirc;ng biết lo&agrave;i hoa Ami th&iacute;ch.</p>\r\n\r\n<p style=\"text-align:justify\"><br />\r\nAmi v&agrave; Edible thường hay c&ugrave;ng nhau v&agrave;o rừng, Ami h&aacute;i nấm c&ograve;n Edible săn th&uacute;. Một h&ocirc;m, v&agrave;o l&uacute;c ho&agrave;ng h&ocirc;n, khi Ami v&agrave; Edible đang tr&ecirc;n đường về th&igrave; Ami gọi Edible v&agrave; chỉ cho anh bụi hoa dạ m&agrave;u tim t&iacute;m mọc tr&ecirc;n v&aacute;ch n&uacute;i cao: &ldquo;Lo&agrave;i hoa ấy, Ami th&iacute;ch, rất th&iacute;ch&rdquo;.</p>\r\n\r\n<p style=\"text-align:justify\"><img alt=\"hoa-thach-thao\" src=\"https://007flower.com/storage/uploads/blog/hoa-thach-thao.jpg\" style=\"height:477px; width:715px\" /></p>\r\n\r\n<p style=\"text-align:justify\">Edible bất chấp hiểm nguy leo l&ecirc;n h&aacute;i bằng được lo&agrave;i hoa Ami th&iacute;ch. Nhưng khi h&aacute;i v&agrave; thả bụi hoa xuống cho Ami th&igrave; Adible bị rơi xuống v&aacute;ch n&uacute;i. Anh quay mặt về ph&iacute;a Ami n&oacute;i, xin đừng qu&ecirc;n t&ocirc;i rồi nở nụ cười m&atilde;n nguyện v&agrave; đi xa m&atilde;i.</p>\r\n\r\n<p style=\"text-align:justify\">&nbsp;</p>\r\n\r\n<p style=\"text-align:justify\">Ami ngồi đ&oacute;, ngồi b&ecirc;n bờ vực thẳm, ngồi như người mất hồn, kh&ocirc;ng n&oacute;i, kh&ocirc;ng cười tay cầm lấy bụi hoa tim t&iacute;m ấy. Ami kh&ocirc;ng kh&oacute;c, c&ocirc; kh&ocirc;ng ăn uống g&igrave; cả, suốt ng&agrave;y chỉ lặng lẽ ngồi trong vườn chăm s&oacute;c cho bụi hoa tim t&iacute;m. Cho đến một ng&agrave;y c&ocirc; đ&atilde; ch&igrave;m v&agrave;o giấc ngủ d&agrave;i để đến nơi c&ocirc; v&agrave; Edible đ&atilde; gặp được nhau.</p>\r\n\r\n<p style=\"text-align:justify\"><br />\r\nSau khi Ami chết đi lo&agrave;i hoa t&iacute;m ấy được người d&acirc;n trong l&agrave;ng chăm s&oacute;c cẩn thận. Ai ai cũng thương x&oacute;t cho đ&ocirc;i t&igrave;nh nh&acirc;n trẻ. Lo&agrave;i hoa ấy ng&agrave;y nay được gọi bằng c&aacute;i t&ecirc;n For get me not. Việt Nam gọi t&ecirc;n lo&agrave;i hoa ấy l&agrave; thạch thảo. C&aacute;c đ&ocirc;i t&igrave;nh nh&acirc;n trẻ thường tặng nhau lo&agrave;i hoa n&agrave;y với &yacute; nghĩa y&ecirc;u nhau m&atilde;i.</p>\r\n', 12, '1666597067_n5.jpg'),
(21, 'GỢI Ý CHỌN HOA Ý NGHĨA CHO NGÀY 20/10 CÙNG 7LAROSE    ', '<p style=\"text-align:justify\">Ng&agrave;y 20 th&aacute;ng 10 h&agrave;ng năm được chọn l&agrave;&nbsp;<em>Ng&agrave;y Phụ Nữ Việt Nam</em>, đ&oacute; l&agrave; ng&agrave;y lễ kỷ niệm nhằm t&ocirc;n vinh phụ nữ Việt Nam. V&igrave; vậy m&agrave; c&aacute;nh m&agrave;y r&acirc;u ch&uacute;ng ta h&atilde;y d&agrave;nh thời gian, g&aacute;c lại c&ocirc;ng việc một ch&uacute;t để tăng th&ecirc;m niềm vui n&agrave;y tới người phụ nữ của m&igrave;nh bằng những b&ocirc;ng hoa thật xinh đẹp nh&eacute;.</p>\r\n', '<p style=\"text-align:justify\">Ng&agrave;y 20 th&aacute;ng 10 h&agrave;ng năm được chọn l&agrave;&nbsp;<em>Ng&agrave;y Phụ Nữ Việt Nam</em>, đ&oacute; l&agrave; ng&agrave;y lễ kỷ niệm nhằm t&ocirc;n vinh phụ nữ Việt Nam. V&igrave; vậy m&agrave; c&aacute;nh m&agrave;y r&acirc;u ch&uacute;ng ta h&atilde;y d&agrave;nh thời gian, g&aacute;c lại c&ocirc;ng việc một ch&uacute;t để tăng th&ecirc;m niềm vui n&agrave;y tới người phụ nữ của m&igrave;nh bằng những b&ocirc;ng hoa thật xinh đẹp nh&eacute;.</p>\r\n\r\n<p style=\"text-align:justify\"><span style=\"color:#ce2a37\"><strong>Hoa Mẫu Đơn</strong></span></p>\r\n\r\n<p style=\"text-align:justify\">Hoa mẫu đơn l&agrave; sự lựa chọn h&agrave;ng đầu nh&acirc;n&nbsp;ng&agrave;y 20/10 với &yacute; nghĩa thể hiện sự bao dung của l&ograve;ng mẹ. Với 100% hoa mẫu đơn nhập từ Ch&acirc;u &Acirc;u. 007Flower sẽ kh&ocirc;ng l&agrave;m bạn thất vọng khi d&agrave;nh tặng lo&agrave;i hoa &yacute; nghĩa n&agrave;y đến người th&acirc;n y&ecirc;u</p>\r\n\r\n<p style=\"text-align:justify\"><span style=\"color:#ce2a37\"><strong>Hoa Hồng Painted</strong></span></p>\r\n\r\n<p style=\"text-align:justify\">Hoa hồng l&agrave; một loại hoa truyền thống của mọi dịp lễ, bạn c&oacute; thể thấy trong bất kỳ dịp lễ n&agrave;o cũng đều c&oacute; hoa hồng. Hoa hồng biểu trưng cho t&igrave;nh cảm y&ecirc;u mến, tr&acirc;n trọng v&agrave; cả t&igrave;nh y&ecirc;u. Đ&acirc;y l&agrave; một loại hoa ph&ugrave; hợp với mọi mối quan hệ: mẹ con, bạn g&aacute;i, đồng nghiệp, bạn tri kỷ th&acirc;n thiết&nbsp;Đặc biệt độc quyền tại 007Flower tại Việt Nam, 007Flower ch&iacute;nh thức b&aacute;n hoa hồng&nbsp;&nbsp;<strong>Noivia Confetti Rose&nbsp;</strong>v&agrave; c&aacute;c loại hoa hồng chỉ c&oacute; tại 007Flower</p>\r\n\r\n<p style=\"text-align:justify\"><span style=\"color:#ce2a37\"><strong>Hoa Lan Hồ Điệp</strong></span></p>\r\n\r\n<p style=\"text-align:justify\">&Yacute; nghĩa của lo&agrave;i hoa n&agrave;y ch&iacute;nh l&agrave; sự may mắn, sắc đẹp v&agrave; sang trọng. Nếu bạn đang ch&uacute; &yacute; tới c&ocirc; g&aacute;i n&agrave;o hoặc muốn lấy l&ograve;ng bạn g&aacute;i của m&igrave;nh th&igrave; bạn n&ecirc;n chọn lan hồ điệp. Hoặc tặng cho cấp tr&ecirc;n của m&igrave;nh l&agrave; phụ nữ th&igrave; lo&agrave;i hoa n&agrave;y c&ograve;n c&oacute; mang lại sự may mắn cho gia chủ.</p>\r\n\r\n<p style=\"text-align:justify\"><span style=\"color:#ce2a37\"><strong>Hoa Tulip K&eacute;p</strong></span></p>\r\n\r\n<p style=\"text-align:justify\">Hoa tulip c&oacute; nghĩa l&agrave; lời b&agrave;y tỏ t&igrave;nh y&ecirc;u. T&ugrave;y v&agrave;o m&agrave;u sắc kh&aacute;c nhau m&agrave; hoa tulip lại mang một biểu tượng kh&aacute;c nhau.&nbsp;</p>\r\n\r\n<p style=\"text-align:justify\">Hoa tulip m&agrave;u v&agrave;ng tượng trưng cho sự vui vẻ, thứ tha; hoa tulip đỏ tượng trưng cho t&igrave;nh y&ecirc;u ho&agrave;n hảo. Trong c&aacute;c lo&agrave;i hoa th&igrave; hoa tulip được coi l&agrave; biểu tượng của sự duy&ecirc;n d&aacute;ng v&agrave; thanh lịch</p>\r\n\r\n<p style=\"text-align:justify\"><span style=\"color:#ce2a37\"><strong>Hoa Gyps Rainbow ( Hoa Baby )</strong></span></p>\r\n\r\n<p style=\"text-align:justify\">Hoa baby&nbsp;trắng tượng trưng cho t&igrave;nh y&ecirc;u tinh khiết v&agrave; ng&acirc;y thơ, trong trắng bởi vẻ đẹp mỏng manh, thanh tao do ch&iacute;nh những b&ocirc;ng hoa nhỏ xinh mang lại.</p>\r\n\r\n<p style=\"text-align:justify\"><span style=\"color:#ce2a37\"><strong>Hoa Cẩm T&uacute; Cầu</strong></span></p>\r\n\r\n<p style=\"text-align:justify\">Cẩm t&uacute; cầu cũng l&agrave; lo&agrave;i hoa mang nhiều &yacute; nghĩa đặc biệt trong t&igrave;nh y&ecirc;u v&agrave; cuộc sống. Dưới đ&acirc;y l&agrave; những&nbsp;&yacute; nghĩa hoa cẩm t&uacute; cầu&nbsp;được biết đến nhiều nhất.</p>\r\n\r\n<ol>\r\n	<li style=\"text-align:justify\">T&igrave;nh cảm ch&acirc;n th&agrave;nh v&agrave; những cảm x&uacute;c ch&acirc;n thực xuất ph&aacute;t từ tr&aacute;i tim.</li>\r\n	<li style=\"text-align:justify\">Gửi lời cảm ơn tới những người th&acirc;n hoặc những người đ&atilde; gi&uacute;p đỡ</li>\r\n	<li style=\"text-align:justify\">Sự thấu hiểu giữa 2 người, c&oacute; thể l&agrave; 2 người bạn hoặc 2 người đang y&ecirc;u nhau.</li>\r\n	<li style=\"text-align:justify\">Sự v&ocirc; cảm, h&agrave;nh động m&agrave; kh&ocirc;ng nghĩ đến cảm x&uacute;c của người kh&aacute;c.</li>\r\n	<li style=\"text-align:justify\">Sự thịnh vượng v&agrave; gi&agrave;u c&oacute;.</li>\r\n	<li style=\"text-align:justify\">Sự v&ocirc; t&igrave;nh, lạnh nhạt thường d&ugrave;ng trong t&igrave;nh y&ecirc;u.</li>\r\n	<li style=\"text-align:justify\">Sự khoe khoang v&agrave; tự thỏa m&atilde;n.</li>\r\n	<li style=\"text-align:justify\">Sắc đẹp v&agrave; sự duy&ecirc;n d&aacute;ng</li>\r\n	<li style=\"text-align:justify\">Sự tự ki&ecirc;u v&agrave; ảo tưởng về sắc đẹp của m&igrave;nh.</li>\r\n</ol>\r\n\r\n<p style=\"text-align:justify\">V&igrave; vậy để lựa chọn m&agrave;u hoa đ&uacute;ng với &yacute; nghĩa c&uacute;a n&oacute;, bạn phải n&ecirc;n c&acirc;n nhắc trước khi mua nh&eacute;</p>\r\n\r\n<p style=\"text-align:justify\">Hi vọng với c&aacute;c gợi &yacute; n&agrave;y, b&ecirc;n cạnh những&nbsp;lời ch&uacute;c&nbsp;tr&agrave;n đầy y&ecirc;u thương c&aacute;c bạn sẽ lựa chọn cho m&igrave;nh một b&oacute; hoa &yacute; nghĩa, tặng cho người phụ nữ của m&igrave;nh&nbsp;ng&agrave;y 20/10&nbsp;nh&eacute;!</p>\r\n', 11, '1666597208_n18.jpg');
INSERT INTO `tbl_baiviet` (`id`, `tenbaiviet`, `tomtat`, `noidung`, `id_danhmuc`, `hinhanh`) VALUES
(22, 'SỰ THẬT CỦA HOA HỒNG PHẤN - LOÀI HOA NỮ HOÀNG     ', '<p style=\"text-align:justify\">Hoa hồng phấn l&agrave; lo&agrave;i hoa c&oacute; m&agrave;u sắc ngọt ng&agrave;o, tươi s&aacute;ng nhất trong vương quốc hoa hồng. Bởi thế m&agrave; ch&uacute;ng được mệnh danh l&agrave; &ldquo;Lo&agrave;i hoa nữ ho&agrave;ng&rdquo;.&nbsp;</p>\r\n', '<p style=\"text-align:justify\">Hoa hồng phấn l&agrave; lo&agrave;i hoa c&oacute; m&agrave;u sắc ngọt ng&agrave;o, tươi s&aacute;ng nhất trong vương quốc hoa hồng. Bởi thế m&agrave; ch&uacute;ng được mệnh danh l&agrave; &ldquo;Lo&agrave;i hoa nữ ho&agrave;ng&rdquo;. Kh&ocirc;ng rực rỡ như hoa hồng đỏ, hồng phấn mang d&aacute;ng vẻ dịu d&agrave;ng, nhẹ nh&agrave;ng. Vẻ đẹp tinh tế h&agrave;i h&ograve;a c&ugrave;ng m&agrave;u sắc tươi s&aacute;ng sẽ khiến bạn kh&ocirc;ng thể rời mắt.&nbsp;<a href=\"https://www.007flower.com/blog/y-nghia-hoa-hong-phan.html\"><strong>&Yacute; nghĩa của hoa hồng phấn</strong></a>&nbsp;cho ta biết lo&agrave;i hoa n&agrave;y được d&ugrave;ng để truyền đạt những cảm x&uacute;c nhẹ nh&agrave;ng, những lời kh&oacute; n&oacute;i. L&agrave; c&aacute;ch thể hiện t&igrave;nh cảm đặc biệt, l&ograve;ng biết ơn, sự ngưỡng mộ đối với ai đ&oacute;. Từ khi xuất hiện đến nay, hồng phấn đ&atilde; chiếm được vị tr&iacute; nhất định trong l&ograve;ng người y&ecirc;u hoa. Được nhiều người lựa chọn để l&agrave;m qu&agrave; tặng mỗi khi c&oacute; dịp đặc biệt.&nbsp;</p>\r\n\r\n<p style=\"text-align:justify\">Vậy &yacute; nghĩa của hoa hồng phấn l&agrave; g&igrave;, m&agrave; lại được y&ecirc;u th&iacute;ch đến thế? H&atilde;y c&ugrave;ng Shop hoa tươi 007 t&igrave;m hiểu về&nbsp;<strong>hoa hồng phấn nữ ho&agrave;ng</strong>&nbsp;qua b&agrave;i viết n&agrave;y nh&eacute;!</p>\r\n\r\n<h2 style=\"text-align:justify\"><span style=\"color:#ce2a37\"><strong>Sự thật về hoa hồng phấn</strong></span></h2>\r\n\r\n<p style=\"text-align:justify\">Hoa hồng c&oacute; một lịch sử l&acirc;u đời v&agrave; đầy m&agrave;u sắc, ch&uacute;ng l&agrave; biểu tượng của t&igrave;nh y&ecirc;u, sắc đẹp, chiến tranh v&agrave; ch&iacute;nh trị. Theo c&aacute;c mẫu h&oacute;a thạch th&igrave; hoa hồng đ&atilde; c&oacute; mặt c&aacute;ch đ&acirc;y 35 triệu năm. Trung Quốc c&oacute; thể l&agrave; nơi đầu ti&ecirc;n thuần h&oacute;a hoa hồng, c&aacute;ch đ&acirc;y khoảng 5000 năm. Hoa hồng phấn l&agrave; một trong những giống hoa hồng xuất hiện đầu ti&ecirc;n. Trải qua thời kỳ lịch sử l&acirc;u d&agrave;i, ng&agrave;y c&agrave;ng nhiều giống hoa hồng lai tạo đ&atilde; được ra đời.<strong>&nbsp;H&igrave;nh ảnh hoa hồng phấn</strong>&nbsp;xuất hiện ở trong c&aacute;c t&aacute;c phẩm văn học, nghệ thuật, những poster quảng c&aacute;o. Hay h&igrave;nh ảnh thương hiệu cho một sản phẩm n&agrave;o đ&oacute;. Hoa hồng phấn kh&ocirc;ng chỉ d&ugrave;ng l&agrave;m qu&agrave; tặng m&agrave; c&ograve;n được ứng dụng ở nhiều nơi, nhiều lĩnh vực.&nbsp;</p>\r\n\r\n<h2 style=\"text-align:justify\"><span style=\"color:#ce2a37\"><strong>&Yacute; nghĩa của hoa hồng phấn</strong></span></h2>\r\n\r\n<p style=\"text-align:justify\">Trong thế giới hoa hồng th&igrave; hoa hồng phấn c&oacute; m&agrave;u sắc ngọt ng&agrave;o, ng&acirc;y thơ v&agrave; dịu d&agrave;ng nhất. Vậy<strong>&nbsp;<a href=\"https://www.007flower.com/\">hoa hồng phấn c&oacute; &yacute; nghĩa g&igrave;</a></strong>, ch&uacute;ng th&iacute;ch hợp để tặng v&agrave;o dịp n&agrave;o? C&acirc;u hỏi n&agrave;y kh&ocirc;ng phải ai cũng c&oacute; thể trả lời được. B&ecirc;n cạnh vẻ đẹp tinh tế,&nbsp;<strong>hoa hồng phấn nữ ho&agrave;ng</strong>&nbsp;c&ograve;n mang nhiều tầng lớp &yacute; nghĩa kh&aacute;c nhau. Hoa hồng m&agrave;u hồng được sử dụng để truyền đạt những cảm x&uacute;c nhẹ nh&agrave;ng.&nbsp;</p>\r\n\r\n<h3 style=\"text-align:justify\"><span style=\"color:#ce2a37\"><strong>Hoa hồng phấn - biểu tượng vượt thời gian của t&igrave;nh y&ecirc;u</strong></span></h3>\r\n\r\n<p style=\"text-align:justify\">Hoa hồng l&agrave; lu&ocirc;n l&agrave; lo&agrave;i hoa đại diện cho t&igrave;nh y&ecirc;u đ&ocirc;i lứa. Nếu như hoa hồng đỏ tượng trưng cho t&igrave;nh y&ecirc;u nồng ch&aacute;y, th&igrave; hoa hồng phấn lại tựa như t&igrave;nh y&ecirc;u nhẹ nh&agrave;ng nhưng đầy s&acirc;u lắng.Hồng phấn thể hiện cho một mối quan hệ m&agrave; bạn muốn n&oacute; tiến triển l&ecirc;n mức cao hơn. Đ&oacute; c&oacute; thể l&agrave; t&igrave;nh y&ecirc;u ngay từ c&aacute;i nh&igrave;n đầu ti&ecirc;n hoặc l&agrave; bắt đầu từ t&igrave;nh bạn trong s&aacute;ng. L&agrave; thứ t&igrave;nh cảm ngại ng&ugrave;ng, e thẹn của một t&igrave;nh y&ecirc;u đầy mơ mộng mới chớm nở. Tặng hoa hồng phấn l&agrave; c&aacute;ch để b&agrave;y tỏ sự quan t&acirc;m của bạn đến người ấy. Hay chỉ đơn giản l&agrave; thay c&acirc;u n&oacute;i &ldquo;I LOVE YOU&rdquo;. Hoa hồng phấn sẽ thay bạn gửi gắm những th&ocirc;ng điệp l&atilde;ng mạn đến một nửa y&ecirc;u thương.&nbsp;</p>\r\n\r\n<p style=\"text-align:justify\"><a href=\"https://www.007flower.com/blog/y-nghia-hoa-hong-phan.html\"><img alt=\"y-nghia-cua-hoa-hong-phan\" src=\"https://007flower.com/storage/uploads/hoa-hong-dep/y-nghia-cua-hoa-hong-phan.jpg\" style=\"height:460px; width:690px\" /></a></p>\r\n\r\n<p style=\"text-align:justify\"><em>Hoa hồng phấn - biểu tượng vượt thời gian của t&igrave;nh y&ecirc;u</em></p>\r\n\r\n<h3 style=\"text-align:justify\"><span style=\"color:#ce2a37\"><strong>Hồng phấn nữ ho&agrave;ng-</strong><strong>&nbsp;sự quan t&acirc;m của bạn đến đối phương</strong></span></h3>\r\n\r\n<p style=\"text-align:justify\">Hoa hồng phấn l&agrave; lo&agrave;i hoa hồng đa năng. Bạn c&oacute; thể d&ugrave;ng ch&uacute;ng cho mọi dịp, với mọi đối tượng m&agrave; vẫn v&ocirc; c&ugrave;ng &yacute; nghĩa. Gửi tặng hồng phấn l&agrave; lời cảm ơn c&ugrave;ng sự biết ơn đến một người n&agrave;o đ&oacute;. Đ&oacute; c&oacute; thể l&agrave; &acirc;n nh&acirc;n của bạn hoặc cũng c&oacute; thể l&agrave; người Mẹ th&acirc;n y&ecirc;u. Người đ&atilde; hi sinh tất cả cho ch&uacute;ng ta, kh&ocirc;ng c&oacute; từ ngữ n&agrave;o để diễn tả được hết sự vất vả đ&oacute;. Nhưng d&ugrave;ng những b&oacute; hoa xinh đẹp c&ugrave;ng những lời cảm ơn ch&acirc;n th&agrave;nh cũng đủ khiến mẹ vui l&ograve;ng. Hồng phấn c&ograve;n được d&ugrave;ng để b&agrave;y tỏ sự ngưỡng mộ. D&ugrave;ng để tặng những người m&agrave; ta k&iacute;nh trọng như Gi&aacute;o vi&ecirc;n, cấp tr&ecirc;n,...M&oacute;n qu&agrave; vừa sang trọng, tinh tế vừa &yacute; nghĩa n&agrave;y sẽ gi&uacute;p bạn b&agrave;y tỏ tấm l&ograve;ng đối người nhận.</p>\r\n\r\n<p style=\"text-align:justify\">&nbsp;Hồng phấn c&ograve;n được d&ugrave;ng l&agrave;m m&oacute;n qu&agrave; nhằm động vi&ecirc;n một người bạn trong l&uacute;c kh&oacute; khăn, bệnh tật. M&oacute;n qu&agrave; nhỏ nhưng &yacute; nghĩa sẽ gi&uacute;p người bạn cảm thấy dễ chịu, thoải m&aacute;i đi phần n&agrave;o đấy. Một b&oacute; hồng phấn tươi s&aacute;ng, xinh đẹp sẽ gi&uacute;p cho đối phương c&oacute; th&ecirc;m năng lượng. Hoa hồng m&agrave;u hồng l&agrave; liều thuốc tinh thần tuyệt vời. H&atilde;y thử tưởng tượng sau một ng&agrave;y d&agrave;i mệt mỏi, bạn thấy những b&ocirc;ng hoa hồng nở rộ. T&acirc;m trạng của bạn chắc chắn sẽ tốt l&ecirc;n rất nhiều.Với tone m&agrave;u nhẹ nh&agrave;ng, l&atilde;ng mạn, lo&agrave;i hoa n&agrave;y gi&uacute;p ng&ocirc;i nh&agrave; của bạn như kho&aacute;c l&ecirc;n một chiếc &aacute;o mới vừa tươi trẻ vừa nổi bật. Gi&uacute;p cả căn ph&ograve;ng trở n&ecirc;n tươi mới, tr&agrave;n đầy sức sống.</p>\r\n\r\n<h3 style=\"text-align:justify\"><span style=\"color:#ce2a37\"><strong>Th&ocirc;ng điệp y&ecirc;u thương đến từ &yacute; nghĩa của hoa hồng phấn</strong></span></h3>\r\n\r\n<p style=\"text-align:justify\">Hương thơm dịu nhẹ từ những b&ocirc;ng hoa hồng phấn cũng sẽ l&agrave;m cho người ta ng&acirc;y ngất v&agrave; ngập tr&agrave;n hạnh ph&uacute;c. Bạn c&oacute; biết rằng lo&agrave;i hoa n&agrave;y c&ograve;n mang đến niềm vui, sự h&agrave;i h&ograve;a, ấm &aacute;p v&agrave; cả sự may mắn nữa đấy. Với những người sắp trải qua k&igrave; thi quan trọng th&igrave; hồng phấn ch&iacute;nh l&agrave; lời ch&uacute;c may mắn.Hoa hồng phấn l&agrave; đại diện cho sự y&ecirc;u thương v&agrave; niềm hạnh ph&uacute;c.</p>\r\n\r\n<p style=\"text-align:justify\">Lo&agrave;i hoa n&agrave;y tượng trưng cho niềm vui v&agrave; sự may mắn. Ch&iacute;nh v&igrave; thế m&agrave; người ta thường d&ugrave;ng những b&oacute;&nbsp;<em><strong><a href=\"https://www.pinterest.com/heavenlyangels4/pink-roses/\">hoa hồng phấn</a></strong></em>&nbsp;để l&agrave;m hoa trong ng&agrave;y cưới. B&oacute; hoa cưới điểm th&ecirc;m v&agrave;i b&ocirc;ng hồng phấn dịu d&agrave;ng c&agrave;ng t&ocirc;n l&ecirc;n vẻ xinh đẹp của c&ocirc; d&acirc;u. Khi được d&ugrave;ng trang tr&iacute; cho bữa tiệc lại v&ocirc; c&ugrave;ng sang trọng v&agrave; tinh tế. L&agrave;m buổi lễ trang trong th&ecirc;m phần ấm &aacute;p v&agrave; tươi s&aacute;ng.&nbsp;</p>\r\n\r\n<h2 style=\"text-align:justify\"><span style=\"color:#ce2a37\"><strong>Lời kết</strong></span></h2>\r\n\r\n<p style=\"text-align:justify\">Những b&ocirc;ng hoa hồng phấn kh&ocirc;ng chỉ xinh đẹp m&agrave; c&ograve;n mang nhiều th&ocirc;ng điệp &yacute; nghĩa. Vẻ đẹp dịu d&agrave;ng, mong manh, m&ugrave;i hương đặc trưng, quyến rũ đ&atilde; l&agrave;m n&ecirc;n đ&oacute;a hoa đặc biệt n&agrave;y. L&agrave; biểu tượng cổ điển của sự duy&ecirc;n d&aacute;ng, thanh lịch v&agrave; ho&agrave;n hảo. Một b&oacute; hoa hồng phấn xinh đẹp sẽ tạo ra một điểm s&aacute;ng trong những ng&agrave;y đặc biệt. Sức sống căng tr&agrave;n b&ecirc;n trong từng c&aacute;nh hoa khiến ch&uacute;ng rực rỡ, mạnh mẽ một c&aacute;ch lạ thường.&nbsp;<a href=\"https://007flower.com/san-pham/hoa-hong-novia-confetti-004\"><strong>H&igrave;nh ảnh hoa hồng phấn</strong></a>&nbsp;lu&ocirc;n tạo n&ecirc;n đẳng cấp cho bất kỳ kh&ocirc;ng gian n&agrave;o m&agrave; n&oacute; hiện diện. H&atilde;y d&agrave;nh tặng cho người m&igrave;nh y&ecirc;u thương m&oacute;n qu&agrave; vừa tinh tế vừa &yacute; nghĩa n&agrave;y nh&eacute;. Hoa hồng phấn sẽ thay bạn trao gửi y&ecirc;u thương, t&igrave;nh cảm.&nbsp;</p>\r\n\r\n<p style=\"text-align:justify\">Hi vọng rằng chia sẻ vừa rồi đ&atilde; gi&uacute;p c&aacute;c bạn trả lời cho c&acirc;u hỏi &ldquo;<strong>hoa hồng phấn c&oacute; &yacute; nghĩa g&igrave;?</strong>&rdquo;. Những b&ocirc;ng hồng phấn xinh đẹp nhất đ&atilde; c&oacute; mặt tại Shop hoa tươi 7larose. H&atilde;y li&ecirc;n hệ ngay với ch&uacute;ng t&ocirc;i để sở hữu cho m&igrave;nh những b&ocirc;ng hoa tuyệt vời n&agrave;y n&agrave;o.&nbsp;</p>\r\n', 12, '1666597219_n4.jpg'),
(23, 'TULIP - HUYỀN THOẠI PHƯƠNG ĐÔNG    ', '<p style=\"text-align:justify\">Trong thế giới hiện đại vẫn tồn tại v&agrave;i sự nhầm lẫn, chẳng hạn như việc nhiều người nghĩ l&agrave; H&agrave; Lan l&agrave; qu&ecirc; hương của cối xay gi&oacute; v&agrave; uất kim hương, tức hoa tulip.</p>\r\n', '<p style=\"text-align:justify\">Trong thế giới hiện đại vẫn tồn tại v&agrave;i sự nhầm lẫn, chẳng hạn như việc nhiều người nghĩ l&agrave; H&agrave; Lan l&agrave; qu&ecirc; hương của cối xay gi&oacute; v&agrave; uất kim hương, tức hoa tulip.</p>\r\n\r\n<p style=\"text-align:justify\">Thực ra tulip c&oacute; nguồn gốc ở v&ugrave;ng đất nay l&agrave; Thổ Nhĩ Kỳ v&agrave; chỉ bắt đầu xuất hiện tại H&agrave; Lan v&agrave;o thế kỷ XVI, g&acirc;y ra cơn sốt đầu tư tulip gieo rắc thiệt hại t&agrave;i ch&iacute;nh trong những năm 1634 - 1637.</p>\r\n\r\n<p style=\"text-align:justify\">S&aacute;ch sử ghi rằng vua Mehmed II (1432-1481) đ&atilde; chiếm Istanbul (kinh đ&ocirc; đế quốc Byzantine - Đ&ocirc;ng La M&atilde;, t&ecirc;n gọi khi đ&oacute; l&agrave; Constantinopolis) v&agrave;o m&ugrave;a hoa tulip. Nhưng khi ấy, trong th&agrave;nh phố chẳng c&oacute; một c&agrave;nh tulip n&agrave;o, v&igrave; những người cai trị đế quốc Byzantine kh&ocirc;ng nhận biết vẻ đẹp của lo&agrave;i hoa n&agrave;y.</p>\r\n\r\n<p style=\"text-align:justify\">Sau cuộc chinh phục, mỗi năm, v&agrave;o m&ugrave;a hoa tulip nở, vua Mehmed tổ chức c&aacute;c cuộc diễu h&agrave;nh với đ&egrave;n lồng nhiều m&agrave;u sắc, c&ugrave;ng hoa tulip b&ecirc;n bờ cảng Sừng V&agrave;ng.</p>\r\n\r\n<p style=\"text-align:justify\">Tulip rụt r&egrave; như một c&ocirc; d&acirc;u đỏ mặt, bối rối như một c&ocirc; g&aacute;i xinh đẹp trước những lời khen tặng, biểu hiện cho t&iacute;nh nhẫn nại, chung thủy v&agrave; cho cả t&igrave;nh y&ecirc;u. Hoa được trồng v&agrave;o th&aacute;ng 10 v&agrave; nở v&agrave;o th&aacute;ng 4, s&aacute;u c&aacute;nh hướng ra khắp nơi.</p>\r\n\r\n<p style=\"text-align:justify\">Mỗi nền văn minh đều c&oacute; một vật n&agrave;o đ&oacute; l&agrave;m biểu tượng cho c&aacute;c đặc t&iacute;nh cơ bản. Nh&igrave;n từ b&ecirc;n ngo&agrave;i, c&oacute; thể chỉ l&agrave; những tiểu tiết, nhưng tr&ecirc;n thực tế biểu tượng n&agrave;y đ&atilde; ăn s&acirc;u v&agrave;o trong t&acirc;m thức của c&ocirc;ng ch&uacute;ng, t&aacute;c động tr&ecirc;n mọi mặt đời sống x&atilde; hội, cũng như hoa tulip c&oacute; thể xem như chỉ d&agrave;nh cho người d&acirc;n nước Thổ.</p>\r\n\r\n<p style=\"text-align:justify\">C&aacute;c nh&agrave; thơ đ&atilde; t&ocirc; điểm cho c&acirc;u đối của họ với ph&eacute;p ẩn dụ vay mượn từ hoa tulip v&agrave; c&aacute;c họa sĩ, thợ chạm, khắc gỗ, đi&ecirc;u khắc gia, thợ l&agrave;m gạch, thợ s&agrave;nh sứ... đều trang tr&iacute;, thiết kế h&igrave;nh tượng hoa tulip tr&ecirc;n c&aacute;c sản phẩm của m&igrave;nh, h&igrave;nh th&agrave;nh một nền văn minh duy&ecirc;n d&aacute;ng v&agrave; thanh lịch.</p>\r\n\r\n<p style=\"text-align:justify\">Hoa đ&atilde; b&eacute;n rễ tr&ecirc;n đất Istanbul, trở n&ecirc;n xinh đẹp, đầy sức sống, nổi bật về h&igrave;nh dạng v&agrave; m&agrave;u sắc như l&agrave; một m&oacute;n trang sức cho khu vườn.</p>\r\n\r\n<p style=\"text-align:justify\">Những năm đầu ti&ecirc;n sau khi được trồng tại Istanbul, tulip xuất hiện tại c&aacute;c khu chợ với h&agrave;ng trăm t&ecirc;n gọi, được buộc th&agrave;nh từng b&oacute; bằng chỉ v&agrave;ng, bạc hoặc lụa v&agrave; giữ g&igrave;n một c&aacute;ch tr&acirc;n trọng.</p>\r\n\r\n<p style=\"text-align:justify\">Hơn nữa, hoa tulip dư thừa trồng b&ecirc;n trong c&aacute;c cung điện được b&aacute;n ra c&aacute;c chợ v&agrave; tiền thu được d&ugrave;ng để b&ugrave; đắp c&aacute;c chi ph&iacute; hoặc trợ gi&uacute;p những ai cần đến...</p>\r\n\r\n<p style=\"text-align:justify\">&nbsp;</p>\r\n\r\n<p style=\"text-align:justify\"><strong>&nbsp; &nbsp; &nbsp; &nbsp; &nbsp; &nbsp; &nbsp; &nbsp; &nbsp; &nbsp; &nbsp; &nbsp; &nbsp; &nbsp; &nbsp; &nbsp; &nbsp; &nbsp; &nbsp; &nbsp; &nbsp; &nbsp; &nbsp; &nbsp; &nbsp; &nbsp; &nbsp; &nbsp; &nbsp; &nbsp; &nbsp; &nbsp; &nbsp; &nbsp; &nbsp; &nbsp;<span style=\"color:#e74c3c\">T&Ecirc;N GỌI &quot;TULIP&quot;</span></strong></p>\r\n\r\n<p style=\"text-align:justify\">Một du kh&aacute;ch v&agrave; l&agrave; nh&agrave; văn người &Aacute;o nổi tiếng, Oghier Ghislain Busbecq, đ&atilde; tới Istanbul l&agrave;m đại sứ dưới thời Suleyman Đại đế, viết trong hồi k&yacute;: &ldquo;Từ hoa tulip trong ng&ocirc;n ngữ phương T&acirc;y (Latin: tulipa; Đức: tulpe; Ph&aacute;p: tulipe; Anh: tulip; &Yacute;: tulipano; v&agrave; Nga: tul&#39;pan) được người Thổ Nhĩ Kỳ ph&aacute;t &acirc;m l&agrave; &quot;tulipan&quot;, c&oacute; li&ecirc;n quan tới từ t lbent để gọi loại vải mut-xơ-lin m&agrave; họ quấn quanh đầu như một khăn xếp&rdquo;.</p>\r\n\r\n<p style=\"text-align:justify\">Theo một trong những truyền thuyết l&acirc;u đời nhất của Istanbul, v&agrave;o một chiều Xu&acirc;n nọ, c&oacute; một ch&agrave;ng trai vừa đến tuổi dậy th&igrave;, đến b&ecirc;n ngo&agrave;i một qu&aacute;n c&agrave; ph&ecirc; ph&iacute;a trước đền thờ Hagia Sophia (nay l&agrave; viện bảo t&agrave;ng thu h&uacute;t rất nhiều du kh&aacute;ch đến ngắm 20.000 tấm ng&oacute;i được c&aacute;c nghệ nh&acirc;n thủ c&ocirc;ng thiết kế theo hơn 50 kiểu hoa tulip) v&agrave; ngồi v&agrave;o ghế đối diện Busbecq.</p>\r\n\r\n<p style=\"text-align:justify\">Từ tr&ecirc;n khăn xếp, một đ&oacute;a tulip v&otilde;ng xuống tr&ecirc;n tai của anh, biểu lộ t&igrave;nh y&ecirc;u của anh với một c&ocirc; g&aacute;i t&ecirc;n L&acirc;le (t&ecirc;n gọi hoa tulip theo tiếng Thổ).</p>\r\n\r\n<p style=\"text-align:justify\">H&ocirc;m sau, Busbecq bỏ v&agrave;o một c&aacute;i hộp c&aacute;c bản viết tay mua từ chợ s&aacute;ch Istanbul để gửi cho một người bạn ở H&agrave; Lan v&agrave; k&egrave;m theo một v&agrave;i củ giống hoa với ghi ch&uacute;: &ldquo;Bạn mến, c&aacute;c củ giống n&agrave;y sẽ cho ra hoa m&agrave;u hồng ngọc. Người Thổ gọi ch&uacute;ng l&agrave; Tulipan!&rdquo;.</p>\r\n\r\n<p style=\"text-align:justify\">Tulip nay được trồng rất nhiều ở H&agrave; Lan, Canada, Anh, Mỹ v&agrave; &Uacute;c. Tại c&aacute;c nước n&agrave;y, v&agrave;o m&ugrave;a Xu&acirc;n đều c&oacute; c&aacute;c li&ecirc;n hoan hoa tulip. Nhưng trong hơn mấy trăm h&atilde;ng h&agrave;ng kh&ocirc;ng của to&agrave;n thế giới th&igrave; chỉ c&oacute; H&agrave;ng kh&ocirc;ng Quốc gia Thổ Nhĩ Kỳ lấy tulip l&agrave;m logo.</p>\r\n', 12, '1666597229_n8.jpg'),
(24, '8/3 - NÊN TẶNG QUÀ GÌ? HÃY ĐỂ 7LAROSE MÁCH CHO BẠN    ', '<p style=\"text-align:justify\">Ng&agrave;y quốc tế phụ nữ 8 th&aacute;ng 3 đ&atilde; gần đến , c&aacute;c qu&yacute; &ocirc;ng c&ograve;n chần chừ g&igrave; nữa m&agrave; kh&ocirc;ng tặng một m&oacute;n qu&agrave; d&agrave;nh cho người phụ nữ của l&ograve;ng m&igrave;nh?</p>\r\n', '<p style=\"text-align:justify\">Ng&agrave;y quốc tế phụ nữ 8 th&aacute;ng 3 đ&atilde; gần đến , c&aacute;c qu&yacute; &ocirc;ng c&ograve;n chần chừ g&igrave; nữa m&agrave; kh&ocirc;ng tặng một m&oacute;n qu&agrave; d&agrave;nh cho người phụ nữ của l&ograve;ng m&igrave;nh? Tuy nhi&ecirc;n, hầu hết đ&agrave;n &ocirc;ng tr&ecirc;n thế giới đều phải đối mặt với kh&oacute; khăn khi chọn qu&agrave; , v&igrave; để tặng n&agrave;ng m&oacute;n qu&agrave; vừa hợp &yacute;, hợp t&igrave;nh, hợp t&uacute;i tiền, hợp với phong tục truyền thống d&acirc;n tộc, th&igrave; thật kh&ocirc;ng đơn giản ch&uacute;t n&agrave;o.</p>\r\n\r\n<p style=\"text-align:justify\">Qu&agrave; tặng cho&nbsp;<strong>ng&agrave;y 8 th&aacute;ng 3</strong>&nbsp;l&agrave; c&aacute;ch h&acirc;m n&oacute;ng t&igrave;nh y&ecirc;u hiệu nghiệm nhất.Tặng qu&agrave; 8/3 thế n&agrave;o cho &ldquo;đ&uacute;ng điệu&rdquo; l&agrave; điều kh&ocirc;ng đơn giản. Tặng g&igrave;, c&aacute;ch tặng ra sao sẽ tiết lộ kh&ocirc;ng &iacute;t bản chất b&ecirc;n trong v&agrave; sự tinh tế trong ứng xử của bạn. L&agrave;m sao để m&oacute;n qu&agrave; nhỏ c&oacute; thể thay cả ng&agrave;n lời n&oacute;i? Cả năm mới c&oacute; 1,2 dịp đặc biệt để c&aacute;nh m&agrave;y r&acirc;u &ldquo;phải&rdquo; thể hiện m&igrave;nh, nếu kh&ocirc;ng kh&eacute;o l&eacute;o bạn c&oacute; thể bỏ ph&iacute; cơ hội ghi điểm với vợ, mẹ hay người y&ecirc;u đấy. Bạn n&ecirc;n chọn những m&oacute;n qu&agrave; kh&ocirc;ng qu&aacute; cầu kỳ, nhưng phải s&aacute;ng tạo, bất ngờ v&agrave; c&oacute; &yacute; nghĩa, để gi&agrave;nh lấy tr&aacute;i tim của người m&igrave;nh y&ecirc;u qu&yacute;.</p>\r\n\r\n<p style=\"text-align:justify\">Sau đ&acirc;y 7larose sẽ m&aacute;ch cho bạn:</p>\r\n\r\n<p style=\"text-align:justify\"><span style=\"color:#ce2a37\"><strong>1.&nbsp;</strong><u><strong>HOA</strong></u></span><br />\r\nHoa kh&ocirc;ng thể thiếu trong cuộc sống v&agrave; nhất l&agrave; trong những dịp lễ quan trọng. Tặng hoa trong ng&agrave;y 8/3 l&agrave; c&aacute;ch thể hiện sự quan t&acirc;m đến mẹ, chị em g&aacute;i v&agrave; người &ldquo;trong tim&rdquo; của bạn. Đối với những bạn g&aacute;i, họ cảm thấy rất hạnh ph&uacute;c v&agrave; vui khi được ai đ&oacute; (nhất l&agrave; người y&ecirc;u) tặng hoa cho m&igrave;nh.</p>\r\n\r\n<p style=\"text-align:justify\">C&ograve;n g&igrave; tuyệt hơn l&agrave; bạn tặng c&ocirc; ấy một b&oacute; hoa tươi tắn v&agrave; rồi hai người c&ugrave;ng thưởng thức một bữa ăn tối thật l&atilde;ng mạn ở nh&agrave; h&agrave;ng ?</p>\r\n\r\n<p style=\"text-align:justify\"><span style=\"color:#ce2a37\"><strong>2.</strong>&nbsp;<u><strong>QU&Agrave; TẶNG GẤU B&Ocirc;NG</strong></u></span></p>\r\n\r\n<p style=\"text-align:justify\">Khi hỏi 100 bạn g&aacute;i rằng c&oacute; th&iacute;ch nhận gấu b&ocirc;ng v&agrave;o ng&agrave;y lễ quan trọng của người phụ nữ 8/3? Phần lớn đều trả lời: Đ&oacute; l&agrave; m&oacute;n qu&agrave; m&agrave; c&aacute;c bạn g&aacute;i thầm mong đợi. N&agrave;ng sẽ lu&ocirc;n nhớ đến bạn mỗi khi nh&igrave;n thấy ch&uacute; gấu b&ocirc;ng xinh xắn đ&aacute;ng y&ecirc;u.</p>\r\n\r\n<p style=\"text-align:justify\"><span style=\"color:#ce2a37\"><strong>3.</strong>&nbsp;<strong><u>T&Uacute;I X&Aacute;CH</u></strong></span><br />\r\nT&uacute;i x&aacute;ch l&agrave; một trong những m&oacute;n qu&agrave; dễ sử dụng v&agrave; ph&ugrave; hợp cho mọi đối tượng. Chắc chắn, một chiếc giỏ x&aacute;ch hiệu với kiểu d&aacute;ng xinh xắn sẽ l&agrave;m cho người nhận qu&agrave; rất vui v&agrave; hạnh ph&uacute;c.</p>\r\n\r\n<p style=\"text-align:justify\"><span style=\"color:#ce2a37\"><strong>4.&nbsp;<u>ĐỒNG HỒ</u></strong></span><br />\r\nĐ&acirc;y l&agrave; m&oacute;n qu&agrave; vừa c&oacute; gi&aacute; trị vừa dễ tặng cho nhau. T&ugrave;y v&agrave;o t&iacute;nh chất c&ocirc;ng việc, ngoại h&igrave;nh, t&iacute;nh c&aacute;ch của người được tặng để chọn những kiểu d&aacute;ng ph&ugrave; hợp. Đồng hồ c&ograve;n c&oacute; thể tặng cho nhiều đối tượng kh&aacute;c nhau m&agrave; kh&ocirc;ng sợ bị hiểu lầm.</p>\r\n\r\n<p style=\"text-align:justify\"><span style=\"color:#ce2a37\"><strong>5.&nbsp;<u>NƯỚC HOA</u></strong></span></p>\r\n\r\n<p style=\"text-align:justify\">Nước hoa tạo n&ecirc;n sự quyến rũ của người phụ nữ trong c&aacute;c dịp lễ. Một lọ nước hoa đ&uacute;ng với &ldquo;gu&rdquo; của n&agrave;ng sẽ gi&uacute;p bạn &ldquo;lấy điểm&rdquo; qua dịp lễ quan trọng 8/3 năm nay.</p>\r\n\r\n<p style=\"text-align:justify\">H&atilde;y biết chọn cho m&igrave;nh một m&oacute;n qu&agrave; sao cho thật ph&ugrave; hợp để l&agrave;m đẹp l&ograve;ng c&ocirc; ấy. Nhưng bạn đừng bao giờ c&oacute; suy nghĩ sai lầm rằng, những m&oacute;n qu&agrave; đắt gi&aacute; sẽ lấy được l&ograve;ng người đẹp nhất l&agrave; vợ m&igrave;nh. Ph&aacute;i đẹp sẽ lần mở g&oacute;i qu&agrave; để t&igrave;m điều bất ngờ b&ecirc;n trong, v&agrave; biết đ&acirc;u đấy, họ sẽ gửi tặng lại một điều th&uacute; vị cho cuộc sống ch&uacute;ng ta.</p>\r\n', 11, '1666597244_n11.jpg'),
(25, 'Hoa hồng có gai rất nguy hiểm    ', '<p style=\"text-align:justify\">Đ&iacute;ch đến việc học của bạn l&agrave; để KIẾM TIỀN hay l&agrave; để LU&Ocirc;N HẠNH PH&Uacute;C, BẢN TH&Acirc;N PH&Aacute;T TRIỂN?</p>\r\n\r\n<p style=\"text-align:justify\">Nếu bạn nghĩ học để kiếm tiền th&igrave; cứ ng&agrave;nh n&agrave;o học nhanh, tiện lợi, kiếm được tiền nhiều v&agrave; sớm nhất l&agrave; cứ quất th&ocirc;i.</p>\r\n', '<p style=\"text-align:justify\">Đ&iacute;ch đến việc học của bạn l&agrave; để KIẾM TIỀN hay l&agrave; để LU&Ocirc;N HẠNH PH&Uacute;C, BẢN TH&Acirc;N PH&Aacute;T TRIỂN?</p>\r\n\r\n<p style=\"text-align:justify\">Nếu bạn nghĩ học để kiếm tiền th&igrave; cứ ng&agrave;nh n&agrave;o học nhanh, tiện lợi, kiếm được tiền nhiều v&agrave; sớm nhất l&agrave; cứ quất th&ocirc;i.&nbsp;C&aacute;ch tiếp cận n&agrave;y được dẫn dắt bởi tiềm năng mang lại thu nhập cho gia đ&igrave;nh v&agrave; KH&Ocirc;NG HỀ c&acirc;n nhắc đến c&aacute; t&iacute;nh, sở th&iacute;ch hay nhu cầu của người học.</p>\r\n', 9, '1666597260_n16.jpg'),
(26, 'Ý NGHĨA CỦA HOA HỒNG CAM      ', '<p style=\"text-align:justify\">Hoa hồng cam c&oacute; nguồn gốc từ Florida v&agrave; c&aacute;c khu vực nhiệt đới kh&aacute;c. Hoa hồng cam ra đời đ&oacute; l&agrave; th&agrave;nh quả to lớn từ sự kh&aacute;m ph&aacute; ra những b&ocirc;ng hồng v&agrave;ng dại.&nbsp;</p>\r\n', '<h2 style=\"text-align:justify\"><span style=\"font-size:16px\"><span style=\"color:#e74c3c\"><strong>Đ&ocirc;i n&eacute;t về hoa hồng cam</strong></span></span></h2>\r\n\r\n<p style=\"text-align:justify\">Hoa hồng cam c&oacute; nguồn gốc từ Florida v&agrave; c&aacute;c khu vực nhiệt đới kh&aacute;c. Hoa hồng cam ra đời đ&oacute; l&agrave; th&agrave;nh quả to lớn từ sự kh&aacute;m ph&aacute; ra những b&ocirc;ng hồng v&agrave;ng dại. Trải qua nhiều thế kỉ nghi&ecirc;n cứu v&agrave; s&aacute;ng tạo, nhiều giống hoa hồng cam đẹp, m&agrave;u sắc bắt mắt đ&atilde; được lai tạo th&agrave;nh c&ocirc;ng. Sở hữu vẻ đẹp quyến rũ v&agrave; v&ocirc; c&ugrave;ng ấm &aacute;p. Hoa hồng cam g&acirc;y ấn tượng mạnh ngay từ lần đầu ngắm nh&igrave;n. Ch&iacute;nh v&igrave; thế d&ugrave; xuất hiện muộn hơn c&aacute;c loại hoa kh&aacute;c nhưng hoa hồng cam vẫn chiếm vị tr&iacute; v&ocirc; c&ugrave;ng đặc biệt trong nghệ thuật tặng hoa.&nbsp;</p>\r\n\r\n<p style=\"text-align:justify\"><img alt=\"y-nghia-cua-hoa-hong-cam\" src=\"https://007flower.com/storage/uploads/shop-hoa-tuoi/hoa-hong-cam/y-nghia-cua-hoa-hong-cam.jpg\" style=\"height:460px; width:690px\" /></p>\r\n\r\n<p style=\"text-align:justify\">B&ecirc;n cạnh vẻ đẹp rực rỡ, hoa hồng cam c&ograve;n mang rất nhiều &yacute; nghĩa tốt đẹp. Hoa hồng l&agrave; một trong những lo&agrave;i hoa c&oacute; rất nhiều tầng &yacute; nghĩa. Hoa hồng cam mang &yacute; nghĩa k&eacute;p, l&atilde;ng mạn v&agrave; kh&ocirc;ng l&atilde;ng mạn. Những cảm gi&aacute;c mạnh mẽ v&agrave; tr&agrave;n ngập như niềm đam m&ecirc; v&agrave; sự ấm &aacute;p. V&igrave; thế m&agrave; &iacute;t ai c&oacute; thể hiểu hết được th&ocirc;ng điệp m&agrave; một b&ocirc;ng hoa mang lại. Trong b&agrave;i viết n&agrave;y của Shop Hoa tươi 007 sẽ th&ocirc;ng tin đến bạn một số&nbsp;<a href=\"https://007flower.com/blog/hoa-hong-dep-tai-cua-hang-hoa-tuoi-tphcm.html\"><strong>&yacute; nghĩa&nbsp;hoa hồng cam</strong></a>.&nbsp;</p>\r\n\r\n<h2 style=\"text-align:justify\"><span style=\"font-size:16px\"><span style=\"color:#e74c3c\"><strong>Sức h&uacute;t k&igrave; lạ từ b&ocirc;ng hồng nhỏ b&eacute;</strong></span></span></h2>\r\n\r\n<p style=\"text-align:justify\">&nbsp;Kh&ocirc;ng chỉ đẹp, quyến rũ hoa hồng cam c&ograve;n mang một &yacute; nghĩa đặc biệt trong t&igrave;nh y&ecirc;u. N&oacute; thể hiện một t&igrave;nh y&ecirc;u bất diệt, kh&ocirc;ng vụ lợi.&nbsp; cuốn h&uacute;t theo c&aacute;ch ri&ecirc;ng của n&oacute; - ki&ecirc;u h&atilde;nh m&agrave; gần gũi.&nbsp;<a href=\"http://007flower.com/blog/hoa-hong-cam.html\"><strong>&Yacute; nghĩa của hoa hồng cam</strong></a>&nbsp;gắn liền với sự quyến rũ nữ t&iacute;nh nhưng vẫn rạng rỡ. L&agrave; m&oacute;n qu&agrave; ho&agrave;n hảo để trao cho một người bị thu h&uacute;t bởi một sức h&uacute;t mạnh mẽ.</p>\r\n\r\n<h2 style=\"text-align:justify\"><span style=\"font-size:16px\"><span style=\"color:#e74c3c\"><strong>&Yacute; nghĩa của hoa hồng cam trong t&igrave;nh y&ecirc;u v&agrave; t&igrave;nh bạn</strong></span></span></h2>\r\n\r\n<p style=\"text-align:justify\"><strong>Hoa hồng cam</strong>&nbsp;l&agrave; sự pha trộn sự h&agrave;i ho&agrave; giữa hoa hồng v&agrave;ng với&nbsp; hoa hồng đỏ. Hồng cam trong tự nhi&ecirc;n kh&aacute; l&agrave; hiếm gặp. Hoa hồng cam lu&ocirc;n mang đến cho một cảm gi&aacute;c vui vẻ, phấn khởi v&agrave; tr&agrave;n đầy năng lượng. Hoa hồng cam hội tụ đầy đủ những điều đẹp nhất giữa t&igrave;nh y&ecirc;u v&agrave; t&igrave;nh bạn. Ch&uacute;ng biểu trưng cho mong muốn gửi đến những người bạn thương y&ecirc;u một t&igrave;nh cảm ch&acirc;n th&agrave;nh. M&agrave;u cam trong t&igrave;nh bạn l&agrave; những t&igrave;nh bạn đẹp, tươi mới; trong t&igrave;nh y&ecirc;u lại biểu trưng cho t&igrave;nh y&ecirc;u ban sơ. Điều n&agrave;y dẫn đến một &yacute; nghĩa tinh tế hơn, hấp dẫn hơn đ&oacute; l&agrave; t&igrave;nh y&ecirc;u xuất hiện từ t&igrave;nh bạn. Đ&oacute; lu&ocirc;n l&agrave; thứ t&igrave;nh cảm thi&ecirc;ng li&ecirc;ng v&agrave; đ&aacute;ng tr&acirc;n trọng.&nbsp;</p>\r\n\r\n<h2 style=\"text-align:justify\"><span style=\"font-size:16px\"><span style=\"color:#e74c3c\"><strong>Lời kết</strong></span></span></h2>\r\n\r\n<p style=\"text-align:justify\">Nhờ c&ocirc;ng nghệ lai tạo giống ng&agrave;y c&agrave;ng ph&aacute;t triển, rất nhiều lo&agrave;i hoa hồng cam mới được ra đời. Mỗi loại đều c&oacute; v&acirc;n hoa, form hoa v&agrave; sắc cam đậm nhạt kh&aacute;c nhau. Một số loại hoa ngoại c&ograve;n c&oacute; sự đan xen m&agrave;u sắc trong từng lớp c&aacute;nh hoa. C&aacute;c loại hồng cam nổi tiếng v&agrave; được ưa chuộng tại shop hoa tươi 007 flower phải kể đến như&nbsp;<a href=\"https://007flower.com/san-pham/hoa-hong-cam-ecuador-005\"><strong>Hoa hồng cam Ecuador Coral Reef</strong></a>, hồng cam Free Spirit,...Bạn muốn t&igrave;m kiếm sự mới lạ thay cho những b&ocirc;ng hoa hồng đỏ đ&atilde; qu&aacute; phổ biến? Ch&uacute;ng m&igrave;nh nghĩ rằng hoa hồng cam l&agrave; một sự thay thế độc đ&aacute;o cho hoa hồng đỏ truyền thống.</p>\r\n', 9, '1666597310_n7.jpg'),
(27, 'Ý Nghĩa Của Hoa Mẫu Đơn Trong Ngày Của Mẹ 10/5   ', '<p style=\"text-align:justify\">Có th&ecirc;̉ ch&uacute;ng ta đ&atilde; từng nghe rất nhiều về hoa m&acirc;̃u đơn, nhưng đ&ecirc;̉ hiểu được&nbsp;<strong>ý nghĩa của hoa m&acirc;̃u đơn</strong>&nbsp;là gì kh&ocirc;ng phải ai cũng bi&ecirc;́t. Hoa Mẫu đơn được mệnh danh l&agrave; &ldquo;ch&uacute;a&rdquo; của c&aacute;c lo&agrave;i hoa.&nbsp;</p>\r\n', '<h2><span style=\"color:#e74c3c\"><strong>Hoa mẫu đơn tượng trưng cho điều g&igrave;?&nbsp;</strong></span></h2>\r\n\r\n<p style=\"text-align:justify\">Có th&ecirc;̉ ch&uacute;ng ta đ&atilde; từng nghe rất nhiều về hoa m&acirc;̃u đơn, nhưng đ&ecirc;̉ hiểu được&nbsp;<strong>ý nghĩa của hoa m&acirc;̃u đơn</strong>&nbsp;là gì kh&ocirc;ng phải ai cũng bi&ecirc;́t. Hoa Mẫu đơn được mệnh danh l&agrave; &ldquo;ch&uacute;a&rdquo; của c&aacute;c lo&agrave;i hoa. Mẫu đơn trong tiếng Anh c&oacute; t&ecirc;n l&agrave; Paeonia. Vẻ đẹp của m&acirc;̃u đơn lu&ocirc;n được con người c&ocirc;ng nhận v&agrave; ưa chuộng. Người ta kh&ocirc;ng chỉ y&ecirc;u th&iacute;ch vẻ đẹp cao qu&yacute; của n&oacute; m&agrave; c&ograve;n v&igrave;&nbsp;<a href=\"https://www.007flower.com/blog/y-nghia-cua-hoa-mau-don.html\"><strong>&yacute; nghĩa của hoa mẫu đơn</strong></a>&nbsp;mang lại. Hoa mẫu đơn rất đa dạng về m&agrave;u sắc. Mỗi một m&agrave;u lại đem đến một &yacute; nghĩa, một th&ocirc;ng điệp ri&ecirc;ng. Tất cả đều mang tới cho chủ nh&acirc;n niềm hạnh ph&uacute;c, an khang v&agrave; thịnh vượng.&nbsp;</p>\r\n\r\n<p>&nbsp;</p>\r\n\r\n<p>Nếu như ai đ&oacute; hỏi &ldquo;<strong>hoa m&acirc;̃u đơn</strong>&nbsp;<strong>tượng trưng cho điều g&igrave;</strong>?&rdquo; sẽ chẳng c&oacute; được c&acirc;u trả lời r&otilde; r&agrave;ng. Chỉ c&oacute; thể n&ocirc;m na n&oacute;i rằng ch&uacute;ng l&agrave; biểu tượng của may mắn, ph&uacute; qu&yacute; v&agrave; nh&acirc;n duy&ecirc;n. Lo&agrave;i hoa biểu tượng cho người mẹ, người phụ nữ tần tảo sớm h&ocirc;m. C&ograve;n g&igrave; tuyệt vời hơn khi tăng những người mẹ th&acirc;n y&ecirc;u một b&oacute; mẫu đơn nh&acirc;n ng&agrave;y của mẹ 10/5 phải kh&ocirc;ng n&agrave;o ?</p>\r\n\r\n<p>Mẫu đơn c&oacute; 2 m&agrave;u sắc nổi bật l&agrave; mẫu đơn đỏ v&agrave; mẫu đơn trắng. Người ta c&oacute; thể say đắm trước vẻ đẹp thanh tho&aacute;t của mẫu đơn trắng, cũng c&oacute; thể cảm nhận n&eacute;t dịu d&agrave;ng của mẫu đơn đỏ. Trong b&agrave;i viết dưới đ&acirc;y, Shop hoa tươi 007 sẽ gi&uacute;p bạn đọc t&igrave;m hiểu về 2 mẫu hoa tr&ecirc;n. Hi vọng rằng những chia sẻ dưới đ&acirc;y sẽ đủ để c&aacute;c bạn hiểu hơn về lo&agrave;i hoa n&agrave;y nh&eacute;!&nbsp;</p>\r\n\r\n<h2><span style=\"color:#e74c3c\"><strong>Đặc điểm của hoa Mẫu đơn</strong></span></h2>\r\n\r\n<p>&nbsp;Mẫu đơn thuộc họ Paeoniaceae hay c&ograve;n gọi l&agrave; mẫu đơn Trung Quốc. Sở hữu vẻ đẹp kh&oacute; c&oacute; lo&agrave;i hoa n&agrave;o c&oacute; thể s&aacute;nh được. Hoa rất độc đ&aacute;o v&agrave; đặc biệt, kh&aacute;c hẳn với c&aacute;c giống hoa th&ocirc;ng thường. Ở Trung Quốc, mẫu đơn được mệnh danh l&agrave; &ldquo;quốc sắc thi&ecirc;n hương&rdquo;. Chỉ nghe qua t&ecirc;n th&ocirc;i cũng đủ hiểu rằng người ta coi trọng b&ocirc;ng hoa n&agrave;y như thế n&agrave;o. Hoa mẫu đơn c&oacute; đường k&iacute;nh kh&aacute; lớn, từ 20-30cm. Giống hoa n&agrave;y c&oacute; th&acirc;n gỗ v&agrave; chia l&agrave;m 2 loại th&acirc;n gỗ v&agrave; th&acirc;n thảo. Loại th&acirc;n gỗ được xem l&agrave; quốc hoa của Trung Quốc.&nbsp;</p>\r\n\r\n<p>Chiều cao trung b&igrave;nh của c&acirc;y từ 1,2m đến 1,8m, c&acirc;y cao nhất đạt tới 3,7m. Đa phần l&aacute; kh&ocirc;ng c&oacute; cuống, mọc đối nhau, c&oacute; h&igrave;nh bầu dục với 2 đầu nhọn. Phiến l&aacute; l&aacute;ng mịn, rộng khoảng 3 đến 5 cm, d&agrave;i từ 5 đến 10cm. Đặc biệt l&agrave; d&ugrave; chung một lo&agrave;i hoa nhưng mỗi m&agrave;u hoa mẫu đơn lại c&oacute; kiểu d&aacute;ng kh&aacute;c nhau. Hoa mẫu đơn đỏ c&oacute; hoa nhỏ v&agrave; d&agrave;i, mọc th&agrave;nh ch&ugrave;m. Mỗi b&ocirc;ng thường c&oacute; 4 đến 5 c&aacute;nh hoa nhỏ, mỗi ch&ugrave;m gồm rất nhiều b&ocirc;ng nhỏ tạo th&agrave;nh.&nbsp;<strong>C&acirc;y hoa mẫu đơn trắng&nbsp;</strong>lại nở theo h&igrave;nh tr&ograve;n với nhiều c&aacute;nh hoa. Ph&iacute;a trong cuộn v&agrave;o e ấp, ph&iacute;a ngo&agrave;i nở bung khoe sắc. C&aacute;nh hoa c&oacute; độ xoăn nhẹ, tựa như những chiếc v&aacute;y trắng tinh kh&ocirc;i, trong s&aacute;ng.&nbsp;</p>\r\n\r\n<p>M&agrave;u đỏ lu&ocirc;n l&agrave; m&agrave;u của sự l&atilde;ng mạn, của t&igrave;nh y&ecirc;u đ&ocirc;i lứa nồng ch&aacute;y. Vậy liệu &yacute; nghĩa của hoa mẫu đơn đỏ c&oacute; phải l&agrave; t&igrave;nh y&ecirc;u như vậy kh&ocirc;ng? Hay n&oacute; c&ograve;n mang những th&ocirc;ng điệp kh&aacute;c kh&ocirc;ng hề c&oacute; t&igrave;nh y&ecirc;u đ&ocirc;i lứa? Đ&uacute;ng l&agrave; như vậy, Mẫu đơn đỏ kh&ocirc;ng chỉ c&oacute; &yacute; nghĩa trong t&igrave;nh y&ecirc;u, n&oacute; c&ograve;n mang nhiều gi&aacute; trị tinh thần. Mẫu đơn l&agrave; lo&agrave;i thực vật c&oacute; hoa thuộc họ Thiến thảo (Rubiaceae). Lo&agrave;i hoa n&agrave;y c&oacute; nguồn gốc từ miền Nam Ấn Độ, Bangladesh v&agrave; Sri Lanka.Mẫu đơn đỏ được trồng ở nhiều nơi, vừa l&agrave;m cảnh, vừa l&agrave;m thuốc. Trong t&igrave;nh y&ecirc;u, ch&uacute;ng được xem như lo&agrave;i hoa t&igrave;nh y&ecirc;u, tựa như l&ograve;ng chung thủy son sắc. Thể hiện cho sự may mắn, niềm hạnh ph&uacute;c, hi vọng về tương lai của cả hai.&nbsp;</p>\r\n\r\n<p>&nbsp;</p>\r\n\r\n<p>B&ecirc;n cạnh đ&oacute;, mẫu đơn đỏ c&ograve;n đại diện cho sắc đẹp v&agrave; sự gi&agrave;u sang ph&uacute; qu&yacute;. Nhờ vẻ đẹp ki&ecirc;u sa, lộng lẫy v&agrave; rạng ngời, mẫu đơn đỏ được d&ugrave;ng l&agrave;m qu&agrave; tặng sang trọng. Đối với những người m&agrave; ch&uacute;ng ta k&iacute;nh trọng th&igrave; mẫu đơn đỏ l&agrave; sự lựa chọn v&ocirc; c&ugrave;ng hợp l&iacute;. V&igrave; mang &yacute; nghĩa phong thủy n&ecirc;n ch&uacute;ng được lựa chọn để l&agrave;m qu&agrave; trong những dịp khai trương, kh&aacute;nh th&agrave;nh như một lời ch&uacute;c mừng đến gia chủ. Đặt hoa mẫu đơn đỏ trong nh&agrave; v&agrave;o ng&agrave;y Tết l&agrave; niềm hi vọng về một năm nhiều may mắn. L&agrave; m&oacute;n qu&agrave; tinh thần trao tặng bạn b&egrave;, người th&acirc;n v&agrave;o những dịp đặc biệt, lễ tết. Sức h&uacute;t m&atilde;nh liệt từ vẻ đẹp đầy quyến rũ của mẫu đơn đỏ sẽ khiến người nhận cảm thấy hạnh ph&uacute;c.&nbsp;</p>\r\n\r\n<h2><span style=\"color:#e74c3c\"><strong>Hoa mẫu đơn trắng - vẻ đẹp tinh kh&ocirc;i, thanh khiết.&nbsp;</strong></span></h2>\r\n\r\n<p>Mẫu đơn trắng l&agrave; lo&agrave;i hoa &yacute; nghĩa v&agrave; đ&aacute;ng tr&acirc;n trọng. Mang d&aacute;ng vẻ tinh kh&ocirc;i, trong trẻo của một thiếu nữ đang tuổi đ&ocirc;i mươi. Mẫu đơn trắng nhẹ nh&agrave;ng m&agrave; thanh khiết, trong veo như giọt sương mai. Ch&iacute;nh bởi vẻ đẹp tinh tế m&agrave; lo&agrave;i hoa n&agrave;y được v&iacute; như m&oacute;n qu&agrave; thể hiện đẳng cấp. Vẻ đẹp đầy t&iacute;nh trang nh&atilde;, thanh tao m&agrave; bất cứ ai cũng mong muốn được sở hữu. Trang tr&iacute; kh&ocirc;ng gian bằng mẫu đơn trắng to&aacute;t l&ecirc;n vẻ sang trọng của sự hạnh ph&uacute;c v&agrave; ch&acirc;n th&agrave;nh. Th&uacute; h&uacute;t &aacute;nh nh&igrave;n của bất cứ ai khi bước v&agrave;o. Mẫu đơn cũng trở th&agrave;nh lo&agrave;i hoa v&ocirc; c&ugrave;ng &yacute; nghĩa để d&agrave;nh tặng người mẹ th&acirc;n y&ecirc;u, những người đ&atilde; d&agrave;nh cả đời người để lo cho ch&uacute;ng ta. L&agrave; một lời cầu ch&uacute;c người nhận sẽ c&oacute; được cuộc sống đong đầy, an khang, sung t&uacute;c.</p>\r\n\r\n<p>&nbsp;</p>\r\n\r\n<p>Tại Nhật Bản, lo&agrave;i hoa n&agrave;y được xem l&agrave; lo&agrave;i hoa của hạnh ph&uacute;c gia đ&igrave;nh. Sự gắn kết&nbsp; h&agrave;i h&ograve;a nhưng ch&acirc;n th&agrave;nh, gần gũi được ấp ủ trong những c&aacute;nh hoa dịu d&agrave;ng. Thấp tho&aacute;ng n&eacute;t mộc mạc của thi&ecirc;n nhi&ecirc;n hoang sơ v&agrave; con người th&acirc;n thiện. Mẫu đơn trắng nhẹ nh&agrave;ng h&ograve;a quyện v&agrave;o thế giới hoa đầy m&agrave;u sắc. H&ograve;a quyện chứ kh&ocirc;ng h&ograve;a tan, mẫu đơn trắng vẫn giữ được vẻ rất ri&ecirc;ng của m&igrave;nh. Lu&ocirc;n to&aacute;t l&ecirc;n được kh&iacute; chất tao nh&atilde; l&agrave;m xao xuyến mỗi khi nh&igrave;n v&agrave;o. Mẫu đơn vừa c&oacute; thể tặng gia đ&igrave;nh, bạn b&egrave;, vừa c&oacute; thể l&agrave;m qu&agrave; tặng người m&igrave;nh k&iacute;nh trọng. Vừa thể hiện được t&igrave;nh cảm của bản th&acirc;n, vừa g&acirc;y ấn tượng với người nhận.&nbsp;</p>\r\n\r\n<h2><span style=\"color:#e74c3c\"><strong>Ng&agrave;y của mẹ l&agrave; ng&agrave;y bao nhi&ecirc;u?</strong></span></h2>\r\n\r\n<p>C&acirc;u hỏi&nbsp;<strong>&ldquo;ng&agrave;y của mẹ l&agrave; ng&agrave;y mấy&rdquo;</strong>&nbsp;l&agrave; c&acirc;u hỏi lu&ocirc;n được t&igrave;m kiếm rất nhiều tr&ecirc;n mạng trong th&aacute;ng 5 n&agrave;y. Thực tế mỗi quốc gia sẽ c&oacute; ng&agrave;y của mẹ kh&aacute;c nhau, đều dựa tr&ecirc;n những c&acirc;u chuyện cảm động để lấy ng&agrave;y kỉ niệm. Bạn nghĩ rằng&nbsp;<strong>ng&agrave;y của mẹ ở Việt Nam l&agrave; ng&agrave;y n&agrave;o</strong>? Ng&agrave;y Quốc tế phụ nữ 8/3 hay 20/10 ? Đ&oacute; kh&ocirc;ng phải l&agrave; đ&aacute;p &aacute;n đ&uacute;ng nh&eacute;! Ở Mỹ, ng&agrave;y của Mẹ được tổ chức hằng năm v&agrave;o ng&agrave;y Chủ Nhật thứ hai của th&aacute;ng 5. Tại Việt Nam cũng vậy,&nbsp;<em><a href=\"https://www.timeanddate.com/holidays/common/mother-day\">ng&agrave;y của Mẹ</a></em>&nbsp;sẽ rơi v&agrave;o chủ nhật thứ hai của th&aacute;ng 5 tức l&agrave; ng&agrave;y 10/5. Đ&acirc;y l&agrave; dịp b&agrave;y tỏ tấm l&ograve;ng tri &acirc;n v&agrave; l&ograve;ng t&ocirc;n k&iacute;nh, t&igrave;nh y&ecirc;u thương đến với mẹ.&nbsp;</p>\r\n\r\n<p>N&ecirc;n lựa chọn loại hoa n&agrave;o để tặng mẹ v&agrave;o ng&agrave;y đặc biệt như vậy? T&ecirc;n gọi mẫu đơn cũng đ&atilde; n&oacute;i l&ecirc;n được phần n&agrave;o &yacute; nghĩa của lo&agrave;i hoa n&agrave;y. Lo&agrave;i hoa thể hiện sự bao dung của mẹ, đ&oacute; ch&iacute;nh l&agrave; t&igrave;nh mẫu tử thi&ecirc;ng li&ecirc;ng. Mẹ lu&ocirc;n l&agrave; người y&ecirc;u thương, chăm s&oacute;c ch&uacute;ng ta v&ocirc; điều kiện. Con d&ugrave; lớn vẫn l&agrave; con của mẹ, đối với mẹ con lu&ocirc;n l&agrave; đứa trẻ b&eacute; bỏng trong l&ograve;ng mẹ. Lo&agrave;i hoa tượng trưng cho t&igrave;nh mẫu tử thi&ecirc;ng li&ecirc;ng v&agrave; cao qu&yacute;. Khi nhắc đến lo&agrave;i hoa mẫu tử th&igrave; kh&ocirc;ng thể kh&ocirc;ng nhắc đến hoa mẫu đơn. H&atilde;y chọn một b&oacute; hoa mẫu đơn để d&agrave;nh tặng mẹ trong ng&agrave;y sinh nhật để thay cho lời cảm ơn v&agrave; lời ch&uacute;c tốt l&agrave;nh trong ng&agrave;y sinh nhật.</p>\r\n\r\n<p>&nbsp;</p>\r\n\r\n<h2><span style=\"color:#e74c3c\"><strong>Lời Kết</strong></span></h2>\r\n\r\n<p>Hoa mẫu đơn l&agrave; lo&agrave;i hoa đa năng. Hoa mẫu đơn tượng trưng cho sắc đẹp, sự k&iacute;nh trọng v&agrave; t&ocirc;n k&iacute;nh. L&agrave; sự lựa chọn ho&agrave;n hảo để d&agrave;nh tặng cho những người ch&uacute;ng ta y&ecirc;u qu&yacute;, coi trọng. Mẫu đơn sẽ thay bạn trao gửi y&ecirc;u thương đến người nhận. M&oacute;n qu&agrave; đơn giản nhưng vẫn v&ocirc; c&ugrave;ng thanh tao, tinh tế. Hoa mẫu đơn lu&ocirc;n tự h&agrave;o với vẻ đẹp ri&ecirc;ng, nổi bật giữa vương quốc hoa rực rỡ sắc m&agrave;u. Hi vọng rằng những chia sẻ của&nbsp;<a href=\"https://007flower.com/\"><strong>Shop hoa tươi 007</strong></a>&nbsp;đ&atilde; cung cấp đủ th&ocirc;ng tin cho bạn đọc về lo&agrave;i hoa mẫu đơn. Hoa mẫu đơn thật sự tuyệt vời đối với mọi người, mọi nh&agrave;. C&ograve;n chần chừ g&igrave; nữa m&agrave; h&atilde;y li&ecirc;n hệ ngay với shop để sở hữu những b&ocirc;ng hoa xinh đẹp n&agrave;y.</p>\r\n', 9, '1666597390_n9.jpg'),
(28, 'HÀ NỘI XINH ĐẸP VỚI HOA CÚC HỌA MI   ', '<p style=\"text-align:justify\">C&uacute;c họa mi - hoa c&uacute;c trắng mọc ở giữa bầu trời đ&atilde; nổi l&ecirc;n như một b&ocirc;ng hoa đại diện của m&ugrave;a đ&ocirc;ng H&agrave; Nội. V&agrave;o mọi dịp trong th&aacute;ng 11, khi thời tiết bắt đầu lạnh, xung quanh đường phố, g&oacute;c được lấp đầy với một lớp b&ugrave;n trắng của c&uacute;c trắng nhỏ. Nh&igrave;n thấy chim cu cũng l&agrave; m&ugrave;a đ&ocirc;ng.</p>\r\n', '<p style=\"text-align:justify\">C&uacute;c họa mi - hoa c&uacute;c trắng mọc ở giữa bầu trời đ&atilde; nổi l&ecirc;n như một b&ocirc;ng hoa đại diện của m&ugrave;a đ&ocirc;ng H&agrave; Nội.</p>\r\n\r\n<p style=\"text-align:justify\">V&agrave;o mọi dịp trong th&aacute;ng 11, khi thời tiết bắt đầu lạnh, xung quanh đường phố, g&oacute;c được lấp đầy với một lớp b&ugrave;n trắng của c&uacute;c trắng nhỏ. Nh&igrave;n thấy chim cu cũng l&agrave; m&ugrave;a đ&ocirc;ng.</p>\r\n\r\n<p style=\"text-align:justify\">&nbsp;C&uacute;c hoạ mi trắng xinh trong gi&oacute; đ&ocirc;ng. Ảnh: Trần L&acirc;m</p>\r\n\r\n<p dir=\"ltr\" style=\"text-align:justify\">Những c&aacute;nh đồng c&uacute;c hoạ mi đang v&agrave;o m&ugrave;a thu hoạch. Ảnh. Trần L&acirc;m</p>\r\n\r\n<p style=\"text-align:justify\">Bởi v&igrave; n&oacute; rất dễ trồng v&agrave; c&oacute; sức sống mạnh mẽ, n&oacute; c&oacute; thể ph&aacute;t triển mạnh ở c&aacute;c khu vực thay thế hoặc ph&aacute;t triển qu&aacute; mức. B&ocirc;ng hoa nhỏ n&agrave;y khiến nhiều người kh&ocirc;ng y&ecirc;u nhau.</p>\r\n\r\n<p style=\"text-align:justify\">&nbsp;M&ugrave;a hoa n&agrave;y rất ngắn, chỉ 2-3 tuần. Ngo&agrave;i ra để mọi người lu&ocirc;n vội v&agrave;ng để cứu những khoảnh khắc đẹp ẩn nấp trong suốt m&ugrave;a giải. Những người y&ecirc;u H&agrave; Nội kh&ocirc;ng được bỏ lỡ m&ugrave;a hoa n&agrave;y!</p>\r\n\r\n<p style=\"text-align:justify\">Nhiều người th&iacute;ch mang tinh thần H&agrave; Nội, nhẹ nh&agrave;ng, tinh khiết, đơn giản nhưng vẫn rất gần gũi. Kh&ocirc;ng chỉ vậy, nhưng n&oacute; l&agrave; một m&oacute;n qu&agrave; đ&aacute;ng y&ecirc;u để mọi người quy&ecirc;n g&oacute;p.</p>\r\n\r\n<p style=\"text-align:justify\">Sẽ thật tiếc nếu bạn kh&ocirc;ng kịp lưu lại những h&igrave;nh ảnh tuyệt đẹp.</p>\r\n\r\n<p style=\"text-align:justify\">&nbsp;Hoạ mi đẹp dịu d&agrave;ng m&agrave; ki&ecirc;u sa.&nbsp;</p>\r\n\r\n<p style=\"text-align:justify\">Nhiều người th&iacute;ch mang tinh thần H&agrave; Nội, nhẹ nh&agrave;ng, tinh khiết, đơn giản nhưng vẫn rất gần gũi. Kh&ocirc;ng chỉ vậy, nhưng n&oacute; l&agrave; một m&oacute;n qu&agrave; đ&aacute;ng y&ecirc;u để mọi người quy&ecirc;n g&oacute;p.</p>\r\n\r\n<p style=\"text-align:justify\">Kh&ocirc;ng chỉ b&ocirc;ng, m&agrave; c&ograve;n cả trăm ng&agrave;n hoa c&uacute;c trong c&aacute;nh đồng trắng. Vẻ đẹp tuyệt đẹp, thể hiện vẻ đẹp dịu d&agrave;ng, gắn b&oacute; với nhau. Hoa đầy những con phố, tr&agrave;n ngập t&igrave;nh y&ecirc;u của người H&agrave; Nội.</p>\r\n\r\n<p style=\"text-align:justify\">Từ bao giờ, bạn c&oacute; thể bắt gặp những đ&oacute;a c&uacute;c họa mi trắng muốt tr&ecirc;n những chiếc xe đạp len lỏi khắp c&aacute;c ng&otilde; phố H&agrave; Nội. Ảnh: Trần Tuấn Anh</p>\r\n\r\n<p style=\"text-align:justify\">&nbsp;</p>\r\n\r\n<p style=\"text-align:justify\">&nbsp;</p>\r\n\r\n<p style=\"text-align:justify\">&nbsp;</p>\r\n\r\n<p style=\"text-align:justify\">C&uacute;c hoạ mi đẹp đến nao l&ograve;ng. Ảnh: Ho&agrave;ng Thuy&ecirc;n</p>\r\n\r\n<p style=\"text-align:justify\">Nhiều người th&iacute;ch mang tinh thần H&agrave; Nội, nhẹ nh&agrave;ng, tinh khiết, đơn giản nhưng vẫn rất gần gũi. Kh&ocirc;ng chỉ vậy, nhưng n&oacute; l&agrave; một m&oacute;n qu&agrave; đ&aacute;ng y&ecirc;u để mọi người quy&ecirc;n g&oacute;p.</p>\r\n\r\n<p style=\"text-align:justify\">Kh&ocirc;ng chỉ b&ocirc;ng, m&agrave; c&ograve;n cả trăm ng&agrave;n hoa c&uacute;c trong c&aacute;nh đồng trắng. Vẻ đẹp tuyệt đẹp, thể hiện vẻ đẹp dịu d&agrave;ng, gắn b&oacute; với nhau. Hoa đầy những con phố, tr&agrave;n ngập t&igrave;nh y&ecirc;u của người H&agrave; Nội.</p>\r\n\r\n<p style=\"text-align:justify\">Bởi v&igrave; &quot;du kh&aacute;ch&quot; đ&aacute;ng y&ecirc;u v&agrave; hấp dẫn m&agrave; ph&eacute;p lạ đ&atilde; được trồng ở nhiều nơi. Nhưng c&oacute; lẽ, để c&oacute; được những b&oacute; hoa đẹp nhất mọi người vẫn t&igrave;m thấy ba địa chỉ quen thuộc l&agrave; l&agrave;ng Nhật T&acirc;n, b&atilde;i biển Đ&aacute; Đỏ v&agrave; vườn hoa T&acirc;y Tựu.</p>\r\n', 12, '1666686705_n19.jpg');

-- --------------------------------------------------------

--
-- Cấu trúc bảng cho bảng `tbl_cart`
--

CREATE TABLE `tbl_cart` (
  `id_cart` int(11) NOT NULL,
  `id_khachhang` int(11) NOT NULL,
  `code_cart` varchar(10) NOT NULL,
  `cart_status` int(11) NOT NULL,
  `cart_date` varchar(50) NOT NULL,
  `cart_shipping` int(11) NOT NULL
) ENGINE=InnoDB DEFAULT CHARSET=utf8mb4;

--
-- Đang đổ dữ liệu cho bảng `tbl_cart`
--

INSERT INTO `tbl_cart` (`id_cart`, `id_khachhang`, `code_cart`, `cart_status`, `cart_date`, `cart_shipping`) VALUES
(158, 50, '8252', 0, '2022-11-09 00:18:41', 20),
(163, 50, '1700', 0, '2022-11-09 00:23:52', 20),
(166, 50, '3985', 1, '2022-11-12 20:40:56', 20);

-- --------------------------------------------------------

--
-- Cấu trúc bảng cho bảng `tbl_cart_details`
--

CREATE TABLE `tbl_cart_details` (
  `id_cart_details` int(11) NOT NULL,
  `code_cart` varchar(10) NOT NULL,
  `id_sanpham` int(11) NOT NULL,
  `soluongmua` int(11) NOT NULL
) ENGINE=InnoDB DEFAULT CHARSET=utf8mb4;

--
-- Đang đổ dữ liệu cho bảng `tbl_cart_details`
--

INSERT INTO `tbl_cart_details` (`id_cart_details`, `code_cart`, `id_sanpham`, `soluongmua`) VALUES
(234, '8252', 10, 1),
(235, '8252', 9, 1),
(236, '8252', 11, 1),
(242, '1700', 9, 1),
(246, '3985', 10, 1),
(247, '3985', 11, 1);

-- --------------------------------------------------------

--
-- Cấu trúc bảng cho bảng `tbl_dangky`
--

CREATE TABLE `tbl_dangky` (
  `id_dangky` int(11) NOT NULL,
  `tenkhachhang` varchar(200) NOT NULL,
  `email` varchar(100) NOT NULL,
  `diachi` varchar(200) NOT NULL,
  `matkhau` varchar(100) NOT NULL,
  `dienthoai` varchar(20) NOT NULL
) ENGINE=InnoDB DEFAULT CHARSET=utf8mb4;

--
-- Đang đổ dữ liệu cho bảng `tbl_dangky`
--

INSERT INTO `tbl_dangky` (`id_dangky`, `tenkhachhang`, `email`, `diachi`, `matkhau`, `dienthoai`) VALUES
(50, 'Khách hàng 1', 'userlarose1@gmail.com', 'Cần Thơ', '12345', '0398587715');

-- --------------------------------------------------------

--
-- Cấu trúc bảng cho bảng `tbl_danhmuc`
--

CREATE TABLE `tbl_danhmuc` (
  `id_danhmuc` int(11) NOT NULL,
  `tendanhmuc` varchar(100) NOT NULL
) ENGINE=InnoDB DEFAULT CHARSET=utf8mb4;

--
-- Đang đổ dữ liệu cho bảng `tbl_danhmuc`
--

INSERT INTO `tbl_danhmuc` (`id_danhmuc`, `tendanhmuc`) VALUES
(1, 'Bó Hoa'),
(2, 'Hộp Hoa'),
(3, 'Lẵng Hoa');

-- --------------------------------------------------------

--
-- Cấu trúc bảng cho bảng `tbl_danhmucbaiviet`
--

CREATE TABLE `tbl_danhmucbaiviet` (
  `id_baiviet` int(11) NOT NULL,
  `tendanhmuc_baiviet` varchar(255) NOT NULL
) ENGINE=InnoDB DEFAULT CHARSET=utf8mb4;

--
-- Đang đổ dữ liệu cho bảng `tbl_danhmucbaiviet`
--

INSERT INTO `tbl_danhmucbaiviet` (`id_baiviet`, `tendanhmuc_baiviet`) VALUES
(9, 'Ý Nghĩa Các Loài Hoa'),
(10, 'Mẹo Chăm Sóc Hoa'),
(11, 'Bí Quyết Chọn Hoa Tươi'),
(12, 'Những Câu Chuyện Về Hoa');

-- --------------------------------------------------------

--
-- Cấu trúc bảng cho bảng `tbl_sanpham`
--

CREATE TABLE `tbl_sanpham` (
  `id_sanpham` int(11) NOT NULL,
  `tensanpham` varchar(250) NOT NULL,
  `masp` varchar(100) NOT NULL,
  `giasp` varchar(50) NOT NULL,
  `soluong` int(11) NOT NULL,
  `hinhanh` varchar(50) NOT NULL,
  `tomtat` tinytext NOT NULL,
  `noidung` text NOT NULL,
  `id_danhmuc` int(11) NOT NULL
) ENGINE=InnoDB DEFAULT CHARSET=utf8mb4;

--
-- Đang đổ dữ liệu cho bảng `tbl_sanpham`
--

INSERT INTO `tbl_sanpham` (`id_sanpham`, `tensanpham`, `masp`, `giasp`, `soluong`, `hinhanh`, `tomtat`, `noidung`, `id_danhmuc`) VALUES
(8, 'LAROSEbou001      ', '001       ', '69   ', 100, '1665593574_bou1.png', '<p>B&oacute; hoa hồng m&agrave;u v&agrave;ng tượng trưng cho t&igrave;nh bạn ch&acirc;n th&agrave;nh v&agrave; ấm &aacute;p. Gửi tặng một b&oacute; hoa hồng v&agrave;ng cho những người bạn th&acirc;n sẽ gi&uacute;p bạn thể h', '<p>B&oacute; hoa hồng m&agrave;u v&agrave;ng tượng trưng cho t&igrave;nh bạn ch&acirc;n th&agrave;nh v&agrave; ấm &aacute;p. Gửi tặng một b&oacute; hoa hồng v&agrave;ng cho những người bạn th&acirc;n sẽ gi&uacute;p bạn thể hiện t&igrave;nh cảm, sự quan t&acirc;m v&agrave; gợi nhắc lại những kỷ niệm t&igrave;nh bạn giữa 2 người.</p>\r\n', 1),
(9, 'LAROSEbou002 ', '002 ', '37 ', 99, '1665593655_bou2.png', '<p>B&oacute; hoa hồng m&agrave;u xanh dương l&agrave; biểu tượng của những điều kỳ diệu trong cuộc sống v&agrave; những nỗ lực biến những điều kh&ocirc;ng thể th&agrave;nh c&oacute; thể.</p>\r\n', '<p>B&oacute; hoa hồng m&agrave;u xanh dương kh&ocirc;ng c&oacute; thật trong tự nhi&ecirc;n. Những b&ocirc;ng hồng m&agrave;u xanh dương được tạo n&ecirc;n bằng c&aacute;ch nhuộm m&agrave;u xanh dương cho hoa hồng trắng. Hoa hồng m&agrave;u xanh dương l&agrave; biểu tượng của những điều kỳ diệu trong cuộc sống v&agrave; những nỗ lực biến những điều kh&ocirc;ng thể th&agrave;nh c&oacute; thể.</p>\r\n', 1),
(10, 'LAROSEbou003 ', '003 ', '33 ', 100, '1665593729_bou3.png', '<p>B&oacute; hoa hồng m&agrave;u hồng đậm tượng trưng cho t&igrave;nh y&ecirc;u mới chớm nở, n&oacute; ph&ugrave; hợp để d&agrave;nh tặng trong những lần gặp mặt đầu ti&ecirc;n hoặc cho người bạn g&aacute;i mới ', '<p>B&oacute; hoa hồng m&agrave;u hồng đậm tượng trưng cho t&igrave;nh y&ecirc;u mới chớm nở, n&oacute; ph&ugrave; hợp để d&agrave;nh tặng trong những lần gặp mặt đầu ti&ecirc;n hoặc cho người bạn g&aacute;i mới quen. Trong khi đ&oacute;, hoa hồng m&agrave;u hồng nhạt tượng trưng cho t&igrave;nh mẫu tử, sự biết ơn v&agrave; t&ocirc;n trọng. V&igrave; vậy, hoa hồng hồng nhạt cũng l&agrave; m&oacute;n qu&agrave; tặng mẹ ho&agrave;n hảo trong ng&agrave;y lễ của mẹ.</p>\r\n', 1),
(11, 'LAROSEbou004   ', '004   ', '100   ', 100, '1665593832_bou4.png', '<p style=\"text-align:justify\">B&oacute; hoa hồng 7 m&agrave;u c&ograve;n được gọi l&agrave; hoa hồng hạnh ph&uacute;c hay hoa hồng 7 m&agrave;u. Những b&ocirc;ng hoa độc đ&aacute;o n&agrave;y đ&aacute;ng nhớ kh&ocirc;ng chỉ v&igra', '<p style=\"text-align:justify\">B&oacute; hoa hồng 7 m&agrave;u c&ograve;n được gọi l&agrave; hoa hồng hạnh ph&uacute;c hay hoa hồng 7 m&agrave;u. Những b&ocirc;ng hoa độc đ&aacute;o n&agrave;y đ&aacute;ng nhớ kh&ocirc;ng chỉ v&igrave; m&agrave;u sắc m&agrave; c&ograve;n v&igrave; những &yacute; nghĩa đặc biệt của n&oacute;. Với những c&aacute;nh hoa rực rỡ, nhiều m&agrave;u, hoa hồng cầu vồng c&oacute; nghĩa l&agrave; hạnh ph&uacute;c v&agrave; niềm vui.</p>\r\n', 1),
(12, 'LAROSEbou005 ', '005 ', '41 ', 100, '1665593907_bou5.png', '<p>B&oacute; hoa hồng m&agrave;u cam l&agrave; sự pha trộn giữa hồng đỏ v&agrave; hồng v&agrave;ng. V&igrave; thế, hoa hồng m&agrave;u cam vừa c&oacute; thể được d&ugrave;ng với &yacute; nghĩa tượng trưng cho t&igrave;nh ', '<p>B&oacute; hoa hồng m&agrave;u cam l&agrave; sự pha trộn giữa hồng đỏ v&agrave; hồng v&agrave;ng. V&igrave; thế, hoa hồng m&agrave;u cam vừa c&oacute; thể được d&ugrave;ng với &yacute; nghĩa tượng trưng cho t&igrave;nh y&ecirc;u, sự đam m&ecirc;. Đồng thời cũng c&oacute; thể được d&ugrave;ng với &yacute; nghĩa tượng trưng cho t&igrave;nh bạn hoặc t&igrave;nh cảm giữa c&aacute;c người th&acirc;n trong gia đ&igrave;nh.</p>\r\n', 1),
(13, 'LaRoseBou006  ', '006  ', '54  ', 100, '1665593960_bou7.png', '<p style=\"text-align:justify\">B&oacute; hoa hồng đỏ gi&uacute;p bạn thể hiện mức độ cao nhất trong t&igrave;nh y&ecirc;u, đ&oacute; l&agrave; t&igrave;nh y&ecirc;u nồng ch&aacute;y v&agrave; s&acirc;u đậm. &Yacute; nghĩa thứ 2 c', '<p>B&oacute; hoa hồng đỏ gi&uacute;p bạn thể hiện mức độ cao nhất trong t&igrave;nh y&ecirc;u, đ&oacute; l&agrave; t&igrave;nh y&ecirc;u nồng ch&aacute;y v&agrave; s&acirc;u đậm. &Yacute; nghĩa thứ 2 của hoa hồng đỏ l&agrave; tượng trưng cho sự đam m&ecirc;. B&ecirc;n cạnh đ&oacute;, hoa hồng sọc đỏ trắng sẽ gi&uacute;p bạn gửi đi th&ocirc;ng điệp &ldquo;l&agrave;m vợ anh nh&eacute;&rdquo;. Hoa hồng đỏ ph&ugrave; hợp để d&agrave;nh tặng cho vợ, người y&ecirc;u trong ng&agrave;y sinh nhật hoặc ng&agrave;y lễ t&igrave;nh nh&acirc;n. Hoa hồng đỏ sọc trắng được d&ugrave;ng để cầu h&ocirc;n v&agrave; trong c&aacute;c buổi lễ đ&iacute;nh h&ocirc;n.</p>\r\n', 1),
(14, 'LAROSEbas001  ', '010  ', '60  ', 100, '1666772750_bas1.jpg', '<p>Lẵng hoa hồng m&agrave;u cam l&agrave; sự pha trộn giữa hồng đỏ v&agrave; hồng v&agrave;ng. V&igrave; thế, hoa hồng m&agrave;u cam vừa c&oacute; thể được d&ugrave;ng với &yacute; nghĩa tượng trưng cho t&igrave;nh y&e', '<p>Lẵng hoa hồng m&agrave;u cam l&agrave; sự pha trộn giữa hồng đỏ v&agrave; hồng v&agrave;ng. V&igrave; thế, hoa hồng m&agrave;u cam vừa c&oacute; thể được d&ugrave;ng với &yacute; nghĩa tượng trưng cho t&igrave;nh y&ecirc;u, sự đam m&ecirc;. Đồng thời cũng c&oacute; thể được d&ugrave;ng với &yacute; nghĩa tượng trưng cho t&igrave;nh bạn hoặc t&igrave;nh cảm giữa c&aacute;c người th&acirc;n trong gia đ&igrave;nh.</p>\r\n', 3),
(15, 'LAROSEbas002  ', '011  ', '61  ', 100, '1666772763_bas8.jpg', '<p>Lẵng hoa hồng m&agrave;u xanh dương l&agrave; sự pha trộn giữa hồng t&iacute;m v&agrave; hồng hồng. V&igrave; thế, hoa hồng m&agrave;u xanh dương vừa c&oacute; thể được d&ugrave;ng với &yacute; nghĩa tượng trưng c', '<p>Lẵng hoa hồng m&agrave;u xanh dương l&agrave; sự pha trộn giữa hồng t&iacute;m v&agrave; hồng hồng. V&igrave; thế, hoa hồng m&agrave;u xanh dương vừa c&oacute; thể được d&ugrave;ng với &yacute; nghĩa tượng trưng cho t&igrave;nh y&ecirc;u, Đồng thời cũng c&oacute; thể được d&ugrave;ng với &yacute; nghĩa tượng trưng cho t&igrave;nh bạn hoặc t&igrave;nh cảm giữa c&aacute;c người th&acirc;n trong gia đ&igrave;nh.</p>\r\n', 3),
(16, 'LAROSEbas003  ', '013  ', '41  ', 99, '1666772773_bas6.jpg', '<p>Lẵng hoa hồng m&agrave;u hồng l&agrave; sự pha trộn giữa hồng đỏ v&agrave; hồng v&agrave;ng. V&igrave; thế, hoa hồng m&agrave;u cam vừa c&oacute; thể được d&ugrave;ng với &yacute; nghĩa tượng trưng cho t&igrave;nh ', '<p>Lẵng hoa hồng m&agrave;u hồng l&agrave; sự pha trộn giữa hồng đỏ v&agrave; hồng v&agrave;ng. V&igrave; thế, hoa hồng m&agrave;u cam vừa c&oacute; thể được d&ugrave;ng với &yacute; nghĩa tượng trưng cho t&igrave;nh y&ecirc;u, sự đam m&ecirc;. Đồng thời cũng c&oacute; thể được d&ugrave;ng với &yacute; nghĩa tượng trưng cho t&igrave;nh bạn hoặc t&igrave;nh cảm giữa c&aacute;c người th&acirc;n trong gia đ&igrave;nh.</p>\r\n', 3),
(17, 'LAROSEbas004  ', '014  ', '70  ', 100, '1666772785_bas3.jpg', '<p>Lẵng hoa hồng m&agrave;u trắng l&agrave; giống hoa hồng tự nhi&ecirc;n. Hoa hồng xanh l&aacute; l&agrave; biểu tượng của sự th&agrave;nh c&ocirc;ng v&agrave; những cơ hội mới trong cuộc sống.</p>\r\n', '<p>Lẵng hoa hồng m&agrave;u trắng l&agrave; giống hoa hồng tự nhi&ecirc;n. Hoa hồng xanh l&aacute; l&agrave; biểu tượng của sự th&agrave;nh c&ocirc;ng v&agrave; những cơ hội mới trong cuộc sống.</p>\r\n', 3),
(18, 'LAROSEbox001 ', '021 ', '38 ', 100, '1665594282_box2.png', '<p>Hộp hoa hồng m&agrave;u hồng đậm tượng trưng cho t&igrave;nh y&ecirc;u mới chớm nở, n&oacute; ph&ugrave; hợp để d&agrave;nh tặng trong những lần gặp mặt đầu ti&ecirc;n hoặc cho người bạn g&aacute;i mới quen', '<p>Hộp hoa hồng m&agrave;u hồng đậm tượng trưng cho t&igrave;nh y&ecirc;u mới chớm nở, n&oacute; ph&ugrave; hợp để d&agrave;nh tặng trong những lần gặp mặt đầu ti&ecirc;n hoặc cho người bạn g&aacute;i mới quen.</p>\r\n', 2),
(19, 'LAROSEbox002  ', '022  ', '55  ', 100, '1668283781_box20.png', '<p>Hộp hoa hồng m&agrave;u t&iacute;m kh&ocirc;ng c&oacute; thật trong tự nhi&ecirc;n. Những b&ocirc;ng hồng m&agrave;u xanh dương được tạo n&ecirc;n bằng c&aacute;ch nhuộm m&agrave;u xanh dương cho hoa hồng trắng. Hoa hồng', '<p>Hộp hoa hồng m&agrave;u t&iacute;m kh&ocirc;ng c&oacute; thật trong tự nhi&ecirc;n. Những b&ocirc;ng hồng m&agrave;u xanh dương được tạo n&ecirc;n bằng c&aacute;ch nhuộm m&agrave;u xanh dương cho hoa hồng trắng. Hoa hồng m&agrave;u xanh dương l&agrave; biểu tượng của những điều kỳ diệu trong cuộc sống v&agrave; những nỗ lực biến những điều kh&ocirc;ng thể th&agrave;nh c&oacute; thể.</p>\r\n', 2),
(20, 'LAROSEbox003 ', '023 ', '67 ', 99, '1665594369_box13.png', '<p>Hộp hoa hồng 7 m&agrave;u c&ograve;n được gọi l&agrave; hoa hồng hạnh ph&uacute;c hay hoa hồng 7 m&agrave;u. Những b&ocirc;ng hoa độc đ&aacute;o n&agrave;y đ&aacute;ng nhớ kh&ocirc;ng chỉ v&igrave; m&agrave;u sắc m&agrave; ', '<p>Hộp hoa hồng 7 m&agrave;u c&ograve;n được gọi l&agrave; hoa hồng hạnh ph&uacute;c hay hoa hồng 7 m&agrave;u. Những b&ocirc;ng hoa độc đ&aacute;o n&agrave;y đ&aacute;ng nhớ kh&ocirc;ng chỉ v&igrave; m&agrave;u sắc m&agrave; c&ograve;n v&igrave; những &yacute; nghĩa đặc biệt của n&oacute;.</p>\r\n', 2),
(21, 'LAROSEbox004  ', '024  ', '41  ', 100, '1665594430_box12.png', '<p>Hộp hoa hồng m&agrave;u đỏ ph&ugrave; hợp để d&agrave;nh tặng cho vợ, người y&ecirc;u trong ng&agrave;y sinh nhật hoặc ng&agrave;y lễ t&igrave;nh nh&acirc;n. Hoa hồng đỏ sọc trắng được d&ugrave;ng để cầu h&oci', '<p>Hộp hoa hồng m&agrave;u đỏ ph&ugrave; hợp để d&agrave;nh tặng cho vợ, người y&ecirc;u trong ng&agrave;y sinh nhật hoặc ng&agrave;y lễ t&igrave;nh nh&acirc;n. Hoa hồng đỏ sọc trắng được d&ugrave;ng để cầu h&ocirc;n v&agrave; trong c&aacute;c buổi lễ đ&iacute;nh h&ocirc;n.</p>\r\n', 2),
(22, 'LAROSEbox005 ', '025 ', '49 ', 99, '1665594472_box11.png', '<p>Hộp hoa hồng m&agrave;u xanh l&aacute; l&agrave; giống hoa hồng tự nhi&ecirc;n. Hoa hồng xanh l&aacute; l&agrave; biểu tượng của sự th&agrave;nh c&ocirc;ng v&agrave; những cơ hội mới trong cuộc sống.</p>\r\n', '<p>Hộp hoa hồng m&agrave;u xanh l&aacute; l&agrave; giống hoa hồng tự nhi&ecirc;n. Hoa hồng xanh l&aacute; l&agrave; biểu tượng của sự th&agrave;nh c&ocirc;ng v&agrave; những cơ hội mới trong cuộc sống.</p>\r\n', 2),
(23, 'LAROSEbox006 ', '026 ', '37 ', 100, '1665594514_box18.png', '<p>Hộp hoa hồng m&agrave;u hồng l&agrave; biểu tượng của sự l&atilde;ng mạn v&agrave; t&igrave;nh y&ecirc;u thủy chung. Hoa hồng t&iacute;m l&agrave; lựa chọn ho&agrave;n hảo để l&agrave;m hoa tặng sinh nhật người y&ec', '<p>Hộp hoa hồng m&agrave;u hồng l&agrave; biểu tượng của sự l&atilde;ng mạn v&agrave; t&igrave;nh y&ecirc;u thủy chung. Hoa hồng t&iacute;m l&agrave; lựa chọn ho&agrave;n hảo để l&agrave;m hoa tặng sinh nhật người y&ecirc;u. B&ecirc;n cạnh đ&oacute;, hoa hồng t&iacute;m cũng thường được chọn để l&agrave;m hoa trang tr&iacute; trong c&aacute;c lễ cưới hay buổi tiệc sang trọng.</p>\r\n', 2),
(24, 'LAROSEbou007 ', '007 ', '60 ', 100, '1665594660_bou12.png', '<p>C&oacute; nhiều người n&oacute;i rằng, b&oacute; hoa hồng đen l&agrave; biểu tượng của t&igrave;nh y&ecirc;u vĩnh cửu, sự b&iacute; ẩn. Tuy nhi&ecirc;n, trong nền văn h&oacute;a của một số quốc gia th&igrave; hoa hồ', '<p>C&oacute; nhiều người n&oacute;i rằng, b&oacute; hoa hồng đen l&agrave; biểu tượng của t&igrave;nh y&ecirc;u vĩnh cửu, sự b&iacute; ẩn. Tuy nhi&ecirc;n, trong nền văn h&oacute;a của một số quốc gia th&igrave; hoa hồng đen lại tượng trưng cho sự đổ vỡ v&agrave; mất đi người y&ecirc;u. Hoa hồng đen cũng được d&ugrave;ng để thể hiện sự mệt mỏi hay nỗi buồn.</p>\r\n', 1),
(25, 'LAROSEbas005  ', '015  ', '49  ', 0, '1666772813_bas7.jpg', '<p>Lẵng hoa hồng m&agrave;u t&iacute;m l&agrave; biểu tượng của sự l&atilde;ng mạn v&agrave; t&igrave;nh y&ecirc;u thủy chung. Hoa hồng t&iacute;m l&agrave; lựa chọn ho&agrave;n hảo để l&agrave;m hoa tặng sinh nhật người', '<p>Lẵng hoa hồng m&agrave;u t&iacute;m l&agrave; biểu tượng của sự l&atilde;ng mạn v&agrave; t&igrave;nh y&ecirc;u thủy chung. Hoa hồng t&iacute;m l&agrave; lựa chọn ho&agrave;n hảo để l&agrave;m hoa tặng sinh nhật người y&ecirc;u. B&ecirc;n cạnh đ&oacute;, hoa hồng t&iacute;m cũng thường được chọn để l&agrave;m hoa trang tr&iacute; trong c&aacute;c lễ cưới hay buổi tiệc sang trọng.</p>\r\n', 3),
(26, 'LAROSEbou008 ', '008 ', '37 ', 0, '1665594761_bou13.png', '<p>B&oacute; hoa hồng m&agrave;u xanh dương kh&ocirc;ng c&oacute; thật trong tự nhi&ecirc;n. Những b&ocirc;ng hồng m&agrave;u xanh dương được tạo n&ecirc;n bằng c&aacute;ch nhuộm m&agrave;u xanh dương cho hoa hồng trắng. Hoa ', '<p>B&oacute; hoa hồng m&agrave;u xanh dương kh&ocirc;ng c&oacute; thật trong tự nhi&ecirc;n. Những b&ocirc;ng hồng m&agrave;u xanh dương được tạo n&ecirc;n bằng c&aacute;ch nhuộm m&agrave;u xanh dương cho hoa hồng trắng. Hoa hồng m&agrave;u xanh dương l&agrave; biểu tượng của những điều kỳ diệu trong cuộc sống v&agrave; những nỗ lực biến những điều kh&ocirc;ng thể th&agrave;nh c&oacute; thể.</p>\r\n', 1),
(27, 'LAROSEbou009 ', '009 ', '41 ', 100, '1665594815_bou8.png', '<p>B&oacute; hoa hồng m&agrave;u trắng l&agrave; biểu tượng của sự thuần khiết, trong s&aacute;ng. Tặng một b&ocirc;ng hoa hồng trắng cho người m&agrave; bạn y&ecirc;u thương sẽ gửi đi th&ocirc;ng điệp rằng &ldquo', '<p>B&oacute; hoa hồng m&agrave;u trắng l&agrave; biểu tượng của sự thuần khiết, trong s&aacute;ng. Tặng một b&ocirc;ng hoa hồng trắng cho người m&agrave; bạn y&ecirc;u thương sẽ gửi đi th&ocirc;ng điệp rằng &ldquo;Bạn rất tr&acirc;n trọng t&igrave;nh y&ecirc;u của 2 người v&agrave; mong muốn t&igrave;nh y&ecirc;u của 2 người sẽ k&eacute;o d&agrave;i m&atilde;i m&atilde;i&rdquo;.</p>\r\n', 1),
(28, 'LAROSEbox007    ', '027    ', '30    ', 100, '1668284565_box3.png', '<p style=\"text-align:justify\">Hộp hoa hồng m&agrave;u đỏ l&agrave; biểu tượng của sự l&atilde;ng mạn v&agrave; t&igrave;nh y&ecirc;u thủy chung. Hoa hồng t&iacute;m l&agrave; lựa chọn ho&agrave;n hảo để l&agrave;m hoa tặng', '<p style=\"text-align:justify\">Hộp hoa hồng m&agrave;u đỏ l&agrave; biểu tượng của sự l&atilde;ng mạn v&agrave; t&igrave;nh y&ecirc;u thủy chung. Hoa hồng t&iacute;m l&agrave; lựa chọn ho&agrave;n hảo để l&agrave;m hoa tặng sinh nhật người y&ecirc;u. B&ecirc;n cạnh đ&oacute;, hoa hồng t&iacute;m cũng thường được chọn để l&agrave;m hoa trang tr&iacute; trong c&aacute;c lễ cưới hay buổi tiệc sang trọng.</p>\r\n', 2),
(29, 'LAROSEbox008       ', '028       ', '41       ', 1001, '1668284585_box9.png', '<p style=\"text-align:justify\">Hộp hoa m&agrave;u xanh dương tượng trưng cho t&igrave;nh bạn ch&acirc;n th&agrave;nh v&agrave; ấm &aacute;p. Gửi tặng một b&oacute; hoa hồng v&agrave;ng cho những người bạn th&acirc;n sẽ...</p>\r\n', '<p style=\"text-align:justify\">Hộp hoa hồng m&agrave;u dương tượng trưng cho t&igrave;nh bạn ch&acirc;n th&agrave;nh v&agrave; ấm &aacute;p. Gửi tặng một b&oacute; hoa hồng v&agrave;ng cho những người bạn th&acirc;n sẽ gi&uacute;p bạn thể hiện t&igrave;nh cảm, sự quan t&acirc;m v&agrave; gợi nhắc lại những kỷ niệm t&igrave;nh bạn giữa 2 người.</p>\r\n', 2),
(31, 'LAROSEbou010  ', '010  ', '41  ', 100, '1666115900_bou15.png', '<p style=\"text-align:justify\">B&oacute; hoa hồng m&agrave;u xanh dương l&agrave; biểu tượng của những điều kỳ diệu trong cuộc sống v&agrave; những nỗ lực biến những điều kh&ocirc;ng thể th&agrave;nh c&oacute; thể.<', '<p style=\"text-align:justify\">B&oacute; hoa hồng m&agrave;u xanh dương l&agrave; biểu tượng của những điều kỳ diệu trong cuộc sống v&agrave; những nỗ lực biến những điều kh&ocirc;ng thể th&agrave;nh c&oacute; thể. Hoa hồng m&agrave;u xanh dương l&agrave; biểu tượng của những điều kỳ diệu trong cuộc sống v&agrave; những nỗ lực biến những điều kh&ocirc;ng thể th&agrave;nh c&oacute; thể</p>\r\n', 1),
(32, 'LAROSEbou011      ', '011      ', '60      ', 99, '1668283843_box21.png', '<p style=\"text-align:justify\">Hộp hoa hồng m&agrave;u cam l&agrave; giống hoa hồng tự nhi&ecirc;n. Hoa hồng xanh l&aacute; l&agrave; biểu tượng của sự th&agrave;nh c&ocirc;ng v&agrave; những cơ hội mới trong cuộc sống..</p>', '<p style=\"text-align:justify\">Hộp hoa hồng m&agrave;u cam l&agrave; giống hoa hồng tự nhi&ecirc;n. Hoa hồng xanh l&aacute; l&agrave; biểu tượng của sự th&agrave;nh c&ocirc;ng v&agrave; những cơ hội mới trong cuộc sống. Hoa hồng m&agrave;u xanh l&aacute; l&agrave; giống hoa hồng tự nhi&ecirc;n. Hoa hồng xanh l&aacute; l&agrave; biểu tượng của sự th&agrave;nh c&ocirc;ng v&agrave; những cơ hội mới trong cuộc sống.</p>\r\n', 2);

-- --------------------------------------------------------

--
-- Cấu trúc bảng cho bảng `tbl_shipping`
--

CREATE TABLE `tbl_shipping` (
  `id_shipping` int(11) NOT NULL,
  `name` varchar(100) NOT NULL,
  `phone` varchar(20) NOT NULL,
  `address` varchar(200) NOT NULL,
  `note` varchar(255) NOT NULL,
  `id_dangky` int(11) NOT NULL
) ENGINE=InnoDB DEFAULT CHARSET=utf8mb4;

--
-- Đang đổ dữ liệu cho bảng `tbl_shipping`
--

INSERT INTO `tbl_shipping` (`id_shipping`, `name`, `phone`, `address`, `note`, `id_dangky`) VALUES
(20, 'Lê Thị Thúy Hằng', '0398587715', 'KTX B, DHCT', 'giao nhanh nhe shop <3', 50);

--
-- Chỉ mục cho các bảng đã đổ
--

--
-- Chỉ mục cho bảng `tbl_admin`
--
ALTER TABLE `tbl_admin`
  ADD PRIMARY KEY (`id_admin`);

--
-- Chỉ mục cho bảng `tbl_baiviet`
--
ALTER TABLE `tbl_baiviet`
  ADD PRIMARY KEY (`id`),
  ADD KEY `id_danhmuc` (`id_danhmuc`);

--
-- Chỉ mục cho bảng `tbl_cart`
--
ALTER TABLE `tbl_cart`
  ADD PRIMARY KEY (`id_cart`),
  ADD KEY `id_khachhang` (`id_khachhang`);

--
-- Chỉ mục cho bảng `tbl_cart_details`
--
ALTER TABLE `tbl_cart_details`
  ADD PRIMARY KEY (`id_cart_details`),
  ADD KEY `id_sanpham` (`id_sanpham`);

--
-- Chỉ mục cho bảng `tbl_dangky`
--
ALTER TABLE `tbl_dangky`
  ADD PRIMARY KEY (`id_dangky`);

--
-- Chỉ mục cho bảng `tbl_danhmuc`
--
ALTER TABLE `tbl_danhmuc`
  ADD PRIMARY KEY (`id_danhmuc`);

--
-- Chỉ mục cho bảng `tbl_danhmucbaiviet`
--
ALTER TABLE `tbl_danhmucbaiviet`
  ADD PRIMARY KEY (`id_baiviet`);

--
-- Chỉ mục cho bảng `tbl_sanpham`
--
ALTER TABLE `tbl_sanpham`
  ADD PRIMARY KEY (`id_sanpham`),
  ADD KEY `id_danhmuc` (`id_danhmuc`);

--
-- Chỉ mục cho bảng `tbl_shipping`
--
ALTER TABLE `tbl_shipping`
  ADD PRIMARY KEY (`id_shipping`),
  ADD KEY `id_dangky` (`id_dangky`);

--
-- AUTO_INCREMENT cho các bảng đã đổ
--

--
-- AUTO_INCREMENT cho bảng `tbl_admin`
--
ALTER TABLE `tbl_admin`
  MODIFY `id_admin` int(11) NOT NULL AUTO_INCREMENT, AUTO_INCREMENT=14;

--
-- AUTO_INCREMENT cho bảng `tbl_baiviet`
--
ALTER TABLE `tbl_baiviet`
  MODIFY `id` int(11) NOT NULL AUTO_INCREMENT, AUTO_INCREMENT=30;

--
-- AUTO_INCREMENT cho bảng `tbl_cart`
--
ALTER TABLE `tbl_cart`
  MODIFY `id_cart` int(11) NOT NULL AUTO_INCREMENT, AUTO_INCREMENT=167;

--
-- AUTO_INCREMENT cho bảng `tbl_cart_details`
--
ALTER TABLE `tbl_cart_details`
  MODIFY `id_cart_details` int(11) NOT NULL AUTO_INCREMENT, AUTO_INCREMENT=248;

--
-- AUTO_INCREMENT cho bảng `tbl_dangky`
--
ALTER TABLE `tbl_dangky`
  MODIFY `id_dangky` int(11) NOT NULL AUTO_INCREMENT, AUTO_INCREMENT=53;

--
-- AUTO_INCREMENT cho bảng `tbl_danhmuc`
--
ALTER TABLE `tbl_danhmuc`
  MODIFY `id_danhmuc` int(11) NOT NULL AUTO_INCREMENT, AUTO_INCREMENT=20;

--
-- AUTO_INCREMENT cho bảng `tbl_danhmucbaiviet`
--
ALTER TABLE `tbl_danhmucbaiviet`
  MODIFY `id_baiviet` int(11) NOT NULL AUTO_INCREMENT, AUTO_INCREMENT=18;

--
-- AUTO_INCREMENT cho bảng `tbl_sanpham`
--
ALTER TABLE `tbl_sanpham`
  MODIFY `id_sanpham` int(11) NOT NULL AUTO_INCREMENT, AUTO_INCREMENT=36;

--
-- AUTO_INCREMENT cho bảng `tbl_shipping`
--
ALTER TABLE `tbl_shipping`
  MODIFY `id_shipping` int(11) NOT NULL AUTO_INCREMENT, AUTO_INCREMENT=21;

--
-- Các ràng buộc cho các bảng đã đổ
--

--
-- Các ràng buộc cho bảng `tbl_baiviet`
--
ALTER TABLE `tbl_baiviet`
  ADD CONSTRAINT `tbl_baiviet_ibfk_1` FOREIGN KEY (`id_danhmuc`) REFERENCES `tbl_danhmucbaiviet` (`id_baiviet`) ON DELETE CASCADE ON UPDATE CASCADE;

--
-- Các ràng buộc cho bảng `tbl_cart`
--
ALTER TABLE `tbl_cart`
  ADD CONSTRAINT `tbl_cart_ibfk_1` FOREIGN KEY (`id_khachhang`) REFERENCES `tbl_dangky` (`id_dangky`) ON DELETE CASCADE ON UPDATE CASCADE;

--
-- Các ràng buộc cho bảng `tbl_cart_details`
--
ALTER TABLE `tbl_cart_details`
  ADD CONSTRAINT `tbl_cart_details_ibfk_1` FOREIGN KEY (`id_sanpham`) REFERENCES `tbl_sanpham` (`id_sanpham`) ON DELETE CASCADE ON UPDATE CASCADE;

--
-- Các ràng buộc cho bảng `tbl_sanpham`
--
ALTER TABLE `tbl_sanpham`
  ADD CONSTRAINT `tbl_sanpham_ibfk_1` FOREIGN KEY (`id_danhmuc`) REFERENCES `tbl_danhmuc` (`id_danhmuc`) ON DELETE CASCADE ON UPDATE CASCADE;

--
-- Các ràng buộc cho bảng `tbl_shipping`
--
ALTER TABLE `tbl_shipping`
  ADD CONSTRAINT `tbl_shipping_ibfk_1` FOREIGN KEY (`id_dangky`) REFERENCES `tbl_dangky` (`id_dangky`) ON DELETE CASCADE ON UPDATE CASCADE;
COMMIT;

/*!40101 SET CHARACTER_SET_CLIENT=@OLD_CHARACTER_SET_CLIENT */;
/*!40101 SET CHARACTER_SET_RESULTS=@OLD_CHARACTER_SET_RESULTS */;
/*!40101 SET COLLATION_CONNECTION=@OLD_COLLATION_CONNECTION */;
